AccountOriginID,TransactionCount,TotalTransactionValue,AverageTransactionValue,MaximumTransactionValue,Frequency_Z,Value_Z,AverageSize_Z,Frequency_Flag,Value_Flag,AverageSize_Flag,AnomalyScore,AnomalyCategory
200000,32,76542.18,2391.943125,4930.54,0.33310623712832843,0.08418129275968467,-0.4099057548212562,0,0,0,0,Normal
200001,26,67176.4,2583.707692307692,4996.02,-0.6572150068672356,-0.45467708503758936,0.29981935587667596,0,0,0,0,Normal
200002,57,135649.45,2379.814912280702,4971.15,4.459444753776512,3.4849068733547335,-0.4547925513531736,1,1,0,2,Moderate Anomaly Signal
200003,16,36827.59,2301.724375,4898.99,-2.3077504135265086,-2.2007901183009895,-0.7438074407778704,0,0,0,0,Normal
200004,25,61797.979999999996,2471.9192,4927.94,-0.8222685475331628,-0.7641234607065047,-0.11391244657111262,0,0,0,0,Normal
200005,31,77357.81,2495.4132258064515,4749.34,0.1680526964624011,0.13110841027502168,-0.026960512226174252,0,0,0,0,Normal
200006,31,81556.48,2630.854193548387,4965.88,0.1680526964624011,0.37267809321718776,0.4743096503135152,0,0,0,0,Normal
200007,27,53507.77,1981.7692592592591,4221.67,-0.4921614662013082,-1.2410991223383965,-1.9279687440133615,0,0,0,0,Normal
200008,35,83428.53,2383.672285714286,4901.82,0.8282668591261104,0.4803861352761928,-0.44051632282154524,0,0,0,0,Normal
200009,28,76339.5,2726.410714285714,4993.52,-0.3271079255353809,0.0725201373607806,0.8279665495538816,0,0,0,0,Normal
200010,22,60158.57,2734.4804545454544,4850.11,-1.3174291695309448,-0.858446604443025,0.8578328453954802,0,0,0,0,Normal
200011,29,72362.07,2495.2437931034483,4842.59,-0.16205438486945356,-0.15632054409898125,-0.027587586589196834,0,0,0,0,Normal
200012,34,73306.04,2156.06,4750.46,0.663213318460183,-0.1020094089997919,-1.2829146706643013,0,0,0,0,Normal
200013,32,75829.24,2369.66375,4903.12,0.33310623712832843,0.0431624249380209,-0.49236223836330834,0,0,0,0,Normal
200014,36,87685.47,2435.7075,4824.98,0.9933203997920377,0.7253083716281389,-0.24793278803400226,0,0,0,0,Normal
200015,23,59013.24,2565.7930434782606,4934.73,-1.1523756288650175,-0.9243429489912157,0.23351682511153213,0,0,0,0,Normal
200016,32,99833.66,3119.801875,4994.48,0.33310623712832843,1.4242521816015814,2.28391635824586,0,0,1,1,Low Anomaly Signal
200017,23,46504.42,2021.931304347826,4436.94,-1.1523756288650175,-1.644035537687309,-1.7793280837677026,0,0,0,0,Normal
200018,30,75726.41,2524.213666666667,4505.69,0.002999155796473763,0.03724612037087383,0.07963058729049748,0,0,0,0,Normal
200019,26,56324.479999999996,2166.326153846154,4536.58,-0.6572150068672356,-1.0790402461609334,-1.2449193972037318,0,0,0,0,Normal
200020,33,77542.18,2349.76303030303,4826.21,0.49815977779425574,0.14171610329305978,-0.5660152634669405,0,0,0,0,Normal
200021,30,79255.59,2641.853,4904.36,0.002999155796473763,0.24029682300905025,0.5150164880573784,0,0,0,0,Normal
200022,31,73755.12,2379.1974193548385,4979.19,0.1680526964624011,-0.07617167628546369,-0.45707790699168727,0,0,0,0,Normal
200023,31,86932.7,2804.28064516129,4542.89,0.1680526964624011,0.6819978923029298,1.11616496955726,0,0,0,0,Normal
200024,31,64373.8,2076.574193548387,4992.62,0.1680526964624011,-0.615924145038426,-1.577093483647353,0,0,0,0,Normal
200025,22,48866.17,2221.189545454545,4708.16,-1.3174291695309448,-1.5081526989101104,-1.0418687125584687,0,0,0,0,Normal
200026,29,66248.5,2284.4310344827586,4756.12,-0.16205438486945356,-0.5080636357315078,-0.8078104950712258,0,0,0,0,Normal
200027,30,74047.91,2468.2636666666667,4822.41,0.002999155796473763,-0.05932605910939632,-0.127441660210966,0,0,0,0,Normal
200028,27,66970.91,2480.4040740740743,4646.46,-0.4921614662013082,-0.46649991325409207,-0.08250973085555426,0,0,0,0,Normal
200029,38,91807.4,2415.9842105263156,4994.01,1.3234274811238924,0.9624628332099734,-0.3209291397665808,0,0,0,0,Normal
200030,21,54946.51,2616.500476190476,4736.17,-1.482482710196872,-1.158321489031608,0.42118620950380437,0,0,0,0,Normal
200031,26,65463.81,2517.838846153846,4982.14,-0.6572150068672356,-0.5532106262089421,0.05603722873807136,0,0,0,0,Normal
200032,33,97004.95,2939.543939393939,4914.26,0.49815977779425574,1.2615028876977175,1.6167775583187656,0,0,0,0,Normal
200033,23,60789.16,2643.006956521739,4949.43,-1.1523756288650175,-0.8221657282687838,0.5192873079050186,0,0,0,0,Normal
200034,34,95783.06999999999,2817.1491176470586,4977.44,0.663213318460183,1.1912022534031967,1.1637914846517874,0,0,0,0,Normal
200035,36,95719.01,2658.8613888888885,4939.17,0.9933203997920377,1.187516573440429,0.5779649297660655,0,0,0,0,Normal
200036,30,56188.57,1872.9523333333334,4674.48,0.002999155796473763,-1.0868598022605243,-2.3307027103704945,0,0,0,0,Normal
200037,39,99418.26,2549.1861538461535,4958.82,1.4884810217898197,1.4003522213060169,0.17205434146311102,0,0,0,0,Normal
200038,24,58682.0,2445.0833333333335,4757.68,-0.9873220881990902,-0.9434007796322907,-0.21323261143824715,0,0,0,0,Normal
200039,33,78352.69,2374.3239393939393,4482.43,0.49815977779425574,0.1883486425784662,-0.4751147693448014,0,0,0,0,Normal
200040,27,66614.59,2467.207037037037,4979.14,-0.4921614662013082,-0.48700071694334474,-0.1313522709738625,0,0,0,0,Normal
200041,35,88175.89,2519.311142857143,4808.92,0.8282668591261104,0.7535245934099166,0.06148623298008463,0,0,0,0,Normal
200042,28,73686.44,2631.6585714285716,4891.05,-0.3271079255353809,-0.08012316707289549,0.4772866715019035,0,0,0,0,Normal
200043,31,64457.31,2079.268064516129,4915.27,0.1680526964624011,-0.6111194130107841,-1.5671234047238627,0,0,0,0,Normal
200044,38,87410.08,2300.265263157895,4946.74,1.3234274811238924,0.7094638601553527,-0.749207647542851,0,0,0,0,Normal
200045,29,85612.53,2952.156206896552,4804.44,-0.16205438486945356,0.606042161481084,1.6634558528291439,0,0,0,0,Normal
200046,34,87363.70999999999,2569.520882352941,4544.29,0.663213318460183,0.7067959709909195,0.2473136432367045,0,0,0,0,Normal
200047,30,65567.66,2185.588666666667,4916.18,0.002999155796473763,-0.5472356361350508,-1.1736283905501232,0,0,0,0,Normal
200048,35,87385.95,2496.7414285714285,4978.51,0.8282668591261104,0.7080755451771821,-0.02204480299147444,0,0,0,0,Normal
200049,21,66496.29,3166.49,4742.83,-1.482482710196872,-0.49380708502944315,2.4567101915859704,0,0,1,1,Low Anomaly Signal
200050,38,89064.31,2343.7976315789474,4879.43,1.3234274811238924,0.8046396697839776,-0.5880933424846019,0,0,0,0,Normal
200051,27,63027.61,2334.355925925926,4778.12,-0.4921614662013082,-0.6933769316303504,-0.6230373140631259,0,0,0,0,Normal
200052,28,71594.69,2556.9532142857142,4947.07,-0.3271079255353809,-0.2004716070060829,0.20080041227096695,0,0,0,0,Normal
200053,29,68753.6,2370.8137931034485,4818.4,-0.16205438486945356,-0.3639331818643495,-0.4881059021675157,0,0,0,0,Normal
200054,26,65792.31,2530.4734615384614,4975.62,-0.6572150068672356,-0.5343104409487284,0.10279823327799689,0,0,0,0,Normal
200055,26,74819.56,2877.6753846153847,4732.69,-0.6572150068672356,-0.014929322561317734,1.3878006023283704,0,0,0,0,Normal
200056,19,42908.21,2258.326842105263,4717.32,-1.8125897915287268,-1.850942798675538,-0.9044227164263384,0,0,0,0,Normal
200057,36,86334.33,2398.1758333333332,4880.64,0.9933203997920377,0.6475707877240744,-0.3868383567407477,0,0,0,0,Normal
200058,30,78443.38,2614.7793333333334,4992.53,0.002999155796473763,0.1935664745457381,0.41481621987557155,0,0,0,0,Normal
200059,23,47951.34,2084.8408695652174,4844.87,-1.1523756288650175,-1.560787269630358,-1.5464983240017496,0,0,0,0,Normal
200060,29,74082.51,2554.5693103448275,4850.92,-0.16205438486945356,-0.05733535466494204,0.19197752850211958,0,0,0,0,Normal
200061,33,100101.79,3033.3875757575756,4934.98,0.49815977779425574,1.4396789903498948,1.9640950327696716,0,0,0,0,Normal
200062,37,85492.49,2310.607837837838,4636.74,1.158373940457965,0.5991356828246581,-0.7109295388042001,0,0,0,0,Normal
200063,34,87203.17,2564.7991176470587,4910.4,0.663213318460183,0.6975593325078918,0.2298382825607412,0,0,0,0,Normal
200064,32,83987.88,2624.62125,4686.74,0.33310623712832843,0.5125682315480365,0.45124138169664013,0,0,0,0,Normal
200065,36,98705.06,2741.807222222222,4846.93,0.9933203997920377,1.3593183944336138,0.8849493824776852,0,0,0,0,Normal
200066,25,76555.57,3062.2228000000005,4979.63,-0.8222685475331628,0.08495168387272736,2.0708148663905397,0,0,1,1,Low Anomaly Signal
200067,33,84366.52,2556.561212121212,4844.81,0.49815977779425574,0.5343532122083936,0.19934960316946734,0,0,0,0,Normal
200068,42,115360.98,2746.69,4998.39,1.9836416437876017,2.3176135958926674,0.903020656266687,0,1,0,1,Low Anomaly Signal
200069,29,69607.37,2400.254137931034,4868.87,-0.16205438486945356,-0.3148116866752704,-0.3791465032279942,0,0,0,0,Normal
200070,28,66900.24,2389.2942857142857,4964.54,-0.3271079255353809,-0.47056589831448564,-0.41970917044525946,0,0,0,0,Normal
200071,29,66774.03,2302.5527586206895,4927.51,-0.16205438486945356,-0.47782736675190324,-0.7407415737871713,0,0,0,0,Normal
200072,32,70998.21,2218.6940625,4970.93,0.33310623712832843,-0.23478997079303027,-1.0511045528444243,0,0,0,0,Normal
200073,28,73096.23,2610.5796428571425,4995.87,-0.3271079255353809,-0.11408078759779919,0.3992730680307935,0,0,0,0,Normal
200074,39,98374.0,2522.4102564102564,4934.06,1.4884810217898197,1.3402709200584348,0.07295612410976217,0,0,0,0,Normal
200075,37,91932.92,2484.6735135135136,4945.83,1.158373940457965,0.9696846026281228,-0.06670843648028905,0,0,0,0,Normal
200076,23,64905.22,2821.966086956522,4965.13,-1.1523756288650175,-0.5853489960247799,1.181619199773434,0,0,0,0,Normal
200077,25,58010.44,2320.4176,4913.84,-0.8222685475331628,-0.982038856994084,-0.6746233815499774,0,0,0,0,Normal
200078,31,72793.84,2348.188387096774,4908.02,0.1680526964624011,-0.13147873895498646,-0.5718430544898601,0,0,0,0,Normal
200079,32,86548.01,2704.6253125,4890.18,0.33310623712832843,0.6598648260388457,0.7473382723333231,0,0,0,0,Normal
200080,34,88889.46,2614.3958823529415,4839.29,0.663213318460183,0.7945797081622175,0.41339705890476924,0,0,0,0,Normal
200081,25,63207.36,2528.2944,4761.58,-0.8222685475331628,-0.6830350494369762,0.09473347599089865,0,0,0,0,Normal
200082,31,90559.0,2921.2580645161293,4990.82,0.1680526964624011,0.8906363757401082,1.5491011113397017,0,0,0,0,Normal
200083,27,67675.55,2506.501851851852,4865.63,-0.4921614662013082,-0.4259585843598547,0.01407874991724499,0,0,0,0,Normal
200084,26,69756.66,2682.9484615384617,4962.59,-0.6572150068672356,-0.30622231481074236,0.6671117442303752,0,0,0,0,Normal
200085,26,56061.58,2156.2146153846156,4838.31,-0.6572150068672356,-1.0941661478501574,-1.28234243554025,0,0,0,0,Normal
200086,29,82524.79,2845.682413793103,4987.81,-0.16205438486945356,0.42838962560476007,1.269393875386126,0,0,0,0,Normal
200087,34,74937.73,2204.0508823529412,4721.93,0.663213318460183,-0.008130434000588896,-1.1052993021495234,0,0,0,0,Normal
200088,32,83712.21,2616.0065625,4912.29,0.33310623712832843,0.4967076103283011,0.4193582234813096,0,0,0,0,Normal
200089,23,66343.72,2884.5095652173914,4872.91,-1.1523756288650175,-0.5025851710725198,1.4130940632236058,0,0,0,0,Normal
200090,38,100414.63,2642.490263157895,4907.68,1.3234274811238924,1.4576781804771564,0.5173750137831182,0,0,0,0,Normal
200091,24,59290.67,2470.4445833333334,4932.87,-0.9873220881990902,-0.9083810665049414,-0.11937003705135797,0,0,0,0,Normal
200092,29,81378.22,2806.1455172413794,4983.76,-0.16205438486945356,0.36242193789150856,1.1230669043727526,0,0,0,0,Normal
200093,36,83249.84,2312.4955555555553,4818.71,0.9933203997920377,0.4701052399819839,-0.7039430517540469,0,0,0,0,Normal
200094,34,92026.16,2706.6517647058827,4987.52,0.663213318460183,0.9750491483622551,0.7548382189414813,0,0,0,0,Normal
200095,38,76825.25,2021.717105263158,4791.9,1.3234274811238924,0.10046767157736756,-1.7801208395474162,0,0,0,0,Normal
200096,29,68647.21,2367.1451724137933,4999.15,-0.16205438486945356,-0.3700543103569952,-0.5016835524166179,0,0,0,0,Normal
200097,31,80653.21,2601.7164516129033,4963.54,0.1680526964624011,0.3207086249067066,0.36647019169513834,0,0,0,0,Normal
200098,24,63633.270000000004,2651.38625,4880.26,-0.9873220881990902,-0.6585303982827062,0.5502992673870175,0,0,0,0,Normal
200099,32,96269.64,3008.42625,4990.51,0.33310623712832843,1.2191969661644215,1.8717125872783875,0,0,0,0,Normal
200100,31,75193.43000000001,2425.5945161290324,4928.13,0.1680526964624011,0.006581217052795794,-0.28536117586433823,0,0,0,0,Normal
200101,33,96820.01000000001,2933.9396969696973,4889.01,0.49815977779425574,1.2508623998376758,1.596036127142165,0,0,0,0,Normal
200102,35,90876.87,2596.482,4966.67,0.8282668591261104,0.9089249659643519,0.3470973648868892,0,0,0,0,Normal
200103,25,62385.15,2495.406,4990.83,-0.8222685475331628,-0.7303407460056225,-0.02698725510342047,0,0,0,0,Normal
200104,24,59542.71,2480.94625,4831.08,-0.9873220881990902,-0.8938799928581095,-0.08050312518044046,0,0,0,0,Normal
200105,28,67107.43000000001,2396.693928571429,4848.68,-0.3271079255353809,-0.4586452609200755,-0.39232292063048246,0,0,0,0,Normal
200106,29,62821.93,2166.273448275862,4373.96,-0.16205438486945356,-0.705210691460855,-1.2451144617416439,0,0,0,0,Normal
200107,31,77575.76,2502.443870967742,4674.34,0.1680526964624011,0.14364812223077061,-0.0009399314409426061,0,0,0,0,Normal
200108,28,70931.74,2533.276428571429,4958.49,-0.3271079255353809,-0.2386143096491838,0.11317207926886506,0,0,0,0,Normal
200109,26,58564.85,2252.494230769231,4768.45,-0.6572150068672356,-0.9501409826862757,-0.9260093462414357,0,0,0,0,Normal
200110,20,52449.28,2622.464,4821.49,-1.6475362508627995,-1.3019991439398686,0.44325734941920364,0,0,0,0,Normal
200111,37,80815.78,2184.21027027027,4841.5,1.158373940457965,0.33006205905511693,-1.1787298675787172,0,0,0,0,Normal
200112,30,75066.58,2502.2193333333335,4889.81,0.002999155796473763,-0.0007170736633631755,-0.00177095043300046,0,0,0,0,Normal
200113,27,72147.52,2672.1303703703707,4941.36,-0.4921614662013082,-0.16866463769891704,0.6270737379416828,0,0,0,0,Normal
200114,47,128916.19,2742.897659574468,4877.84,2.8089093471172384,3.0975100349827795,0.8889851164059975,1,1,0,2,Moderate Anomaly Signal
200115,33,77439.47,2346.650606060606,4409.49,0.49815977779425574,0.13580670290317728,-0.5775344177664358,0,0,0,0,Normal
200116,39,102566.97,2629.9223076923076,4806.09,1.4884810217898197,1.581512654580561,0.47086071914938415,0,0,0,0,Normal
200117,36,90455.27,2512.646388888889,4881.07,0.9933203997920377,0.8846682898434814,0.03681982398543505,0,0,0,0,Normal
200118,80,193859.65,2423.245625,4994.75,8.25567618909284,6.834019701464605,-0.2940544764045524,1,1,0,2,Moderate Anomaly Signal
200119,37,81667.97,2207.2424324324325,4160.3,1.158373940457965,0.379092649243554,-1.0934873012920843,0,0,0,0,Normal
200120,34,79758.2,2345.8294117647056,4911.49,0.663213318460183,0.26921439413123,-0.5805736768993671,0,0,0,0,Normal
200121,32,68579.99,2143.1246875,4965.06,0.33310623712832843,-0.37392180032104877,-1.3307885622015438,0,0,0,0,Normal
200122,30,63640.78,2121.3593333333333,4571.49,0.002999155796473763,-0.6580983118556009,-1.4113426427190956,0,0,0,0,Normal
200123,26,68670.79,2641.1842307692305,4952.15,-0.6572150068672356,-0.3686976395246189,0.5125413576252911,0,0,0,0,Normal
200124,29,82436.02,2842.6213793103448,4999.15,-0.16205438486945356,0.423282260473713,1.2580649157789012,0,0,0,0,Normal
200125,26,65658.15,2525.3134615384615,4958.69,-0.6572150068672356,-0.5420293111298862,0.08370095361566415,0,0,0,0,Normal
200126,27,74308.02,2752.148888888889,4766.85,-0.4921614662013082,-0.04436067954156008,0.9232241306381433,0,0,0,0,Normal
200127,27,60411.65,2237.4685185185185,4562.23,-0.4921614662013082,-0.8438856945932384,-0.9816198557332187,0,0,0,0,Normal
200128,37,96221.39,2600.578108108108,4979.96,1.158373940457965,1.2164209115561861,0.36225715598527924,0,0,0,0,Normal
200129,24,65097.16,2712.3816666666667,4773.72,-0.9873220881990902,-0.5743057644910038,0.7760447189769161,0,0,0,0,Normal
200130,23,55217.51,2400.7613043478264,4811.66,-1.1523756288650175,-1.1427295553770633,-0.3772694685580671,0,0,0,0,Normal
200131,23,66074.58,2872.8078260869565,4808.49,-1.1523756288650175,-0.5180700899794723,1.3697856553341519,0,0,0,0,Normal
200132,27,67148.42,2486.9785185185183,4928.18,-0.4921614662013082,-0.45628690903631297,-0.05817755950283714,0,0,0,0,Normal
200133,27,71020.29,2630.381111111111,4927.9,-0.4921614662013082,-0.2335196021764541,0.472558761242198,0,0,0,0,Normal
200134,28,72197.19,2578.4710714285716,4947.8,-0.3271079255353809,-0.1658068836597244,0.28043850056385106,0,0,0,0,Normal
200135,27,65946.15,2442.45,4966.99,-0.4921614662013082,-0.5254592856962741,-0.22297863917290167,0,0,0,0,Normal
200136,30,81014.04000000001,2700.4680000000003,4866.87,0.002999155796473763,0.34146891059146445,0.7319519623611903,0,0,0,0,Normal
200137,36,101158.66,2809.962777777778,4769.35,0.9933203997920377,1.5004858055583035,1.1371946741416652,0,0,0,0,Normal
200138,30,66364.77,2212.159,4903.79,0.002999155796473763,-0.501374063310792,-1.0752909707074725,0,0,0,0,Normal
200139,25,65220.229999999996,2608.8091999999997,4887.44,-0.8222685475331628,-0.5672249553586617,0.3927206179592747,0,0,0,0,Normal
200140,28,81631.61,2915.414642857143,4910.88,-0.3271079255353809,0.3770006835325605,1.5274744722686562,0,0,0,0,Normal
200141,19,46298.84,2436.781052631579,4466.79,-1.8125897915287268,-1.6558635440367604,-0.24395954484844107,0,0,0,0,Normal
200142,29,76206.03,2627.7941379310346,4670.71,-0.16205438486945356,0.06484096619889095,0.46298431350985847,0,0,0,0,Normal
200143,28,77377.44,2763.48,4838.18,-0.3271079255353809,0.13223781860579212,0.9651608356330775,0,0,0,0,Normal
200144,29,84171.31,2902.4589655172413,4997.85,-0.16205438486945356,0.5231218418441731,1.4795252099866683,0,0,0,0,Normal
200145,30,87045.41,2901.5136666666667,4838.77,0.002999155796473763,0.6884826407981469,1.4760266370188573,0,0,0,0,Normal
200146,32,81351.78,2542.243125,4940.37,0.33310623712832843,0.360900717501006,0.14635803069205655,0,0,0,0,Normal
200147,50,145599.57,2911.9914000000003,4975.95,3.3040699691150204,4.05738514233908,1.5148049710680866,1,1,0,2,Moderate Anomaly Signal
200148,30,62867.83,2095.5943333333335,4826.31,0.002999155796473763,-0.702569843657373,-1.5066995052190983,0,0,0,0,Normal
200149,25,59618.54,2384.7416,4882.15,-0.8222685475331628,-0.8895171281753635,-0.4365587658523189,0,0,0,0,Normal
200150,41,118682.16,2894.686829268293,4826.97,1.8185881031216744,2.5086970579399024,1.450760353490559,0,1,0,1,Low Anomaly Signal
200151,28,61435.04,2194.1085714285714,4827.12,-0.3271079255353809,-0.7850051448414876,-1.1420960254465315,0,0,0,0,Normal
200152,31,79692.77,2570.7345161290323,4951.04,0.1680526964624011,0.26544989147803166,0.2518053299866401,0,0,0,0,Normal
200153,27,78615.47,2911.684074074074,4991.73,-0.4921614662013082,0.20346764009042645,1.51366755068923,0,0,0,0,Normal
200154,32,78037.23,2438.6634375,4914.07,0.33310623712832843,0.17019871124760733,-0.23699279479720453,0,0,0,0,Normal
200155,15,37690.8,2512.7200000000003,4863.6,-2.472803954192436,-2.1511254945004747,0.0370922604147276,0,0,0,0,Normal
200156,25,60689.28,2427.5712,4453.68,-0.8222685475331628,-0.8279123051448576,-0.27804542301784807,0,0,0,0,Normal
200157,26,75941.74,2920.836153846154,4739.11,-0.6572150068672356,0.0496350911230256,1.5475396101658572,0,0,0,0,Normal
200158,27,72159.55,2672.575925925926,4889.69,-0.4921614662013082,-0.1679724939282006,0.628722749385394,0,0,0,0,Normal
200159,35,83446.99,2384.1997142857144,4734.11,0.8282668591261104,0.4814482278786393,-0.4385642974474219,0,0,0,0,Normal
200160,25,58957.63,2358.3052,4541.28,-0.8222685475331628,-0.9275424598049767,-0.5344004953223399,0,0,0,0,Normal
200161,32,76722.93,2397.5915625,4919.46,0.33310623712832843,0.09458070976359222,-0.3890007566443743,0,0,0,0,Normal
200162,36,68988.88,1916.357777777778,4487.25,0.9933203997920377,-0.35039639164205705,-2.170058153893086,0,0,0,0,Normal
200163,34,72903.78,2144.228823529412,4936.73,0.663213318460183,-0.12515336188494708,-1.3267021291513632,0,0,0,0,Normal
200164,33,80151.4,2428.8303030303027,4805.82,0.49815977779425574,0.2918370816329529,-0.27338545350362614,0,0,0,0,Normal
200165,27,70717.74,2619.1755555555555,4926.46,-0.4921614662013082,-0.25092675910332607,0.43108674027005617,0,0,0,0,Normal
200166,33,84620.28,2564.250909090909,4959.22,0.49815977779425574,0.5489532457293426,0.22780934998126898,0,0,0,0,Normal
200167,27,67978.92,2517.737777777778,4573.62,-0.4921614662013082,-0.4085042488883449,0.05566317233442918,0,0,0,0,Normal
200168,32,90272.41,2821.0128125,4734.86,0.33310623712832843,0.8741474743893485,1.1780911089030552,0,0,0,0,Normal
200169,27,64050.67,2372.247037037037,4994.61,-0.4921614662013082,-0.6345153683660758,-0.48280143313184076,0,0,0,0,Normal
200170,23,52777.66,2294.6808695652176,4854.01,-1.1523756288650175,-1.2831058628569185,-0.7698756177335294,0,0,0,0,Normal
200171,35,99099.33,2831.4094285714286,4955.22,0.8282668591261104,1.3820026441826079,1.2165692260848342,0,0,0,0,Normal
200172,24,55768.49,2323.6870833333332,4619.21,-0.9873220881990902,-1.1110290254693846,-0.6625229479127683,0,0,0,0,Normal
200173,34,90708.47,2667.896176470588,4872.76,0.663213318460183,0.8992361038705319,0.611402888126045,0,0,0,0,Normal
200174,25,66652.57,2666.1028,4789.23,-0.8222685475331628,-0.4848155448392865,0.6047655602193261,0,0,0,0,Normal
200175,25,51815.98,2072.6392,4642.38,-0.8222685475331628,-1.3384359394506549,-1.5916569860239076,0,0,0,0,Normal
200176,25,55814.09,2232.5636,4953.88,-0.8222685475331628,-1.108405438109063,-0.9997730729171541,0,0,0,0,Normal
200177,43,102025.36,2372.6827906976746,4816.64,2.148695184453529,1.5503512258475796,-0.4811886987285304,1,0,0,1,Low Anomaly Signal
200178,35,81029.15,2315.118571428571,4658.75,0.8282668591261104,0.3423382615786229,-0.6942352091792943,0,0,0,0,Normal
200179,32,85812.92,2681.65375,4899.01,0.33310623712832843,0.6175715621638671,0.6623199868016825,0,0,0,0,Normal
200180,30,74200.48,2473.349333333333,4990.33,0.002999155796473763,-0.05054797306631971,-0.1086194899391183,0,0,0,0,Normal
200181,28,62898.28,2246.367142857143,4915.78,-0.3271079255353809,-0.700817908676632,-0.9486858406935376,0,0,0,0,Normal
200182,24,61321.51,2555.0629166666668,4542.5,-0.9873220881990902,-0.7915370718813416,0.19380437694616218,0,0,0,0,Normal
200183,34,81307.78,2391.405294117647,4889.54,0.663213318460183,0.3583691858375375,-0.4118962793893438,0,0,0,0,Normal
200184,30,83350.85,2778.3616666666667,4881.1,0.002999155796473763,0.4759168311939606,1.0202382290778365,0,0,0,0,Normal
200185,34,81209.8,2388.5235294117647,4665.33,0.663213318460183,0.35273192510147766,-0.42256175739501717,0,0,0,0,Normal
200186,57,147897.38,2594.6908771929825,4947.83,4.459444753776512,4.189589205330774,0.34046837784130857,1,1,0,2,Moderate Anomaly Signal
200187,28,66808.79000000001,2386.0282142857145,4434.22,-0.3271079255353809,-0.4758274567377626,-0.43179697654382154,0,0,0,0,Normal
200188,27,72916.58,2700.6140740740743,4566.85,-0.4921614662013082,-0.1244169163101197,0.7324925858968507,0,0,0,0,Normal
200189,28,63674.96,2274.1057142857144,4969.97,-0.3271079255353809,-0.6561317720315701,-0.8460247445685304,0,0,0,0,Normal
200190,25,68938.77,2757.5508,4523.52,-0.8222685475331628,-0.3532794609978845,0.9432167289327079,0,0,0,0,Normal
200191,26,74287.34,2857.2053846153844,4969.2,-0.6572150068672356,-0.04555049942339071,1.3120406576214,0,0,0,0,Normal
200192,26,71619.33,2754.5896153846156,4848.78,-0.6572150068672356,-0.1990539492745406,0.9322573160001898,0,0,0,0,Normal
200193,28,73072.52,2609.7328571428575,4781.75,-0.3271079255353809,-0.11544493795554504,0.3961390944649466,0,0,0,0,Normal
200194,24,63750.82,2656.284166666667,4713.65,-0.9873220881990902,-0.6517671813045083,0.5684265705548739,0,0,0,0,Normal
200195,32,86788.36,2712.13625,4974.3,0.33310623712832843,0.6736933177505426,0.7751364262022784,0,0,0,0,Normal
200196,26,50782.43,1953.1703846153846,4832.51,-0.6572150068672356,-1.3979010428774248,-2.033813842288959,0,0,0,0,Normal
200197,30,77966.36,2598.8786666666665,4939.07,0.002999155796473763,0.16612121922510728,0.35596748379981996,0,0,0,0,Normal
200198,23,65312.5,2839.6739130434785,4806.43,-1.1523756288650175,-0.5619162183907469,1.247156274772382,0,0,0,0,Normal
200199,29,59368.57,2047.1920689655171,4598.92,-0.16205438486945356,-0.9038991047643914,-1.6858374081110319,0,0,0,0,Normal
200200,34,89398.4,2629.3647058823526,4777.36,0.663213318460183,0.8238614746350728,0.4687970219197457,0,0,0,0,Normal
200201,22,55495.479999999996,2522.521818181818,4849.99,-1.3174291695309448,-1.1267366040931015,0.0733690168134717,0,0,0,0,Normal
200202,33,85790.3,2599.706060606061,4727.1,0.49815977779425574,0.6162701247496024,0.359029687957094,0,0,0,0,Normal
200203,33,78973.2,2393.1272727272726,4762.91,0.49815977779425574,0.2240495678625305,-0.40552319662179,0,0,0,0,Normal
200204,36,86452.84,2401.467777777778,4629.21,0.9933203997920377,0.6543892381203844,-0.374654794010433,0,0,0,0,Normal
200205,33,83309.0,2524.5151515151515,4987.82,0.49815977779425574,0.47350899937313856,0.08074638970628523,0,0,0,0,Normal
200206,36,85573.86,2377.0516666666667,4682.81,0.9933203997920377,0.6038172903577586,-0.46501938745141985,0,0,0,0,Normal
200207,35,80720.09,2306.2882857142854,4818.71,0.8282668591261104,0.32455655303517816,-0.7269163013855,0,0,0,0,Normal
200208,34,82898.62,2438.194705882353,4745.71,0.663213318460183,0.4498978638264518,-0.2387275813841775,0,0,0,0,Normal
200209,24,73056.33,3044.01375,4759.5,-0.9873220881990902,-0.11637642653808053,2.0034227500658464,0,0,1,1,Low Anomaly Signal
200210,34,69927.71,2056.6973529411766,4962.0,0.663213318460183,-0.2963809854690084,-1.6506581316860194,0,0,0,0,Normal
200211,33,69490.14,2105.761818181818,4992.05,0.49815977779425574,-0.3215564925140977,-1.4690694080070743,0,0,0,0,Normal
200212,38,86210.86,2268.706842105263,4838.97,1.3234274811238924,0.6404669646675185,-0.866006095710249,0,0,0,0,Normal
200213,27,65458.61,2424.392962962963,4763.75,-0.4921614662013082,-0.5535098072237155,-0.2898081519964296,0,0,0,0,Normal
200214,32,79989.75,2499.6796875,4902.84,0.33310623712832843,0.28253657951023314,-0.011170238557505957,0,0,0,0,Normal
200215,33,87808.79,2660.872424242424,4920.17,0.49815977779425574,0.7324035644631143,0.585407818246164,0,0,0,0,Normal
200216,21,49841.66,2373.412380952381,4865.41,-1.482482710196872,-1.452028066582908,-0.47848846827638974,0,0,0,0,Normal
200217,31,75940.35,2449.6887096774194,4955.11,0.1680526964624011,0.04955511773638424,-0.19618800678838227,0,0,0,0,Normal
200218,19,41898.97,2205.208947368421,4429.08,-1.8125897915287268,-1.9090092308582414,-1.1010132766712715,0,0,0,0,Normal
200219,28,74721.09,2668.610357142857,4939.95,-0.3271079255353809,-0.02059477535453925,0.6140460873562295,0,0,0,0,Normal
200220,27,66494.97,2462.7766666666666,4899.23,-0.4921614662013082,-0.49388303097934677,-0.14774917445655208,0,0,0,0,Normal
200221,38,91097.27,2397.2965789473687,4895.9,1.3234274811238924,0.9216056382059082,-0.3900924976134409,0,0,0,0,Normal
200222,23,47869.63,2081.288260869565,4709.48,-1.1523756288650175,-1.56548843899904,-1.559646611170686,0,0,0,0,Normal
200223,29,66391.19,2289.351379310345,4792.24,-0.16205438486945356,-0.4998539936165004,-0.7896001847596894,0,0,0,0,Normal
200224,24,65860.79,2744.199583333333,4877.8,-0.9873220881990902,-0.530370457123403,0.893803566429657,0,0,0,0,Normal
200225,28,67948.48,2426.7314285714283,4918.78,-0.3271079255353809,-0.41025560852098103,-0.2811534365496055,0,0,0,0,Normal
200226,29,60384.420000000006,2082.221379310345,4809.71,-0.16205438486945356,-0.8454523674840619,-1.5561931181819924,0,0,0,0,Normal
200227,29,65611.36,2262.4606896551722,4884.74,-0.16205438486945356,-0.5447213649147424,-0.889123250778651,0,0,0,0,Normal
200228,29,70034.05,2414.9672413793105,4662.36,-0.16205438486945356,-0.29026273371688943,-0.32469296616354204,0,0,0,0,Normal
200229,25,69841.62,2793.6648,4964.77,-0.8222685475331628,-0.30133415730782726,1.0768754804298988,0,0,0,0,Normal
200230,27,61570.28,2280.3807407407407,4916.78,-0.4921614662013082,-0.7772241370649541,-0.8228007261382633,0,0,0,0,Normal
200231,24,50975.65,2123.985416666667,4786.42,-0.9873220881990902,-1.386784166786166,-1.4016234474025717,0,0,0,0,Normal
200232,36,79989.08,2221.918888888889,4880.3,0.9933203997920377,0.28249803118717587,-1.039169395594215,0,0,0,0,Normal
200233,32,84031.6,2625.9875,4985.02,0.33310623712832843,0.5150836534645558,0.45629790463048964,0,0,0,0,Normal
200234,28,67566.79,2413.0996428571425,4894.4,-0.3271079255353809,-0.4322160703534651,-0.33160499160439527,0,0,0,0,Normal
200235,38,106632.81999999999,2806.1268421052628,4932.19,1.3234274811238924,1.8154405639876836,1.1229977872609016,0,0,0,0,Normal
200236,29,72615.0,2503.9655172413795,4795.33,-0.16205438486945356,-0.14176826447077506,0.0046917167053371345,0,0,0,0,Normal
200237,24,52304.770000000004,2179.365416666667,4788.6,-0.9873220881990902,-1.3103134994100463,-1.1966607831196223,0,0,0,0,Normal
200238,28,62288.32,2224.582857142857,4968.78,-0.3271079255353809,-0.7359118417095694,-1.0293099873078575,0,0,0,0,Normal
200239,19,53052.69,2792.246842105263,4957.81,-1.8125897915287268,-1.2672820639159246,1.0716275853785027,0,0,0,0,Normal
200240,27,67870.12,2513.7081481481478,4781.52,-0.4921614662013082,-0.4147640362743763,0.04074941962654729,0,0,0,0,Normal
200241,25,55216.51,2208.6604,4601.73,-0.8222685475331628,-1.1427870901875967,-1.088239370441317,0,0,0,0,Normal
200242,23,50295.51,2186.7613043478264,4996.92,-1.1523756288650175,-1.4259158928223359,-1.1692884312982452,0,0,0,0,Normal
200243,31,66068.48,2131.2412903225804,4658.59,0.1680526964624011,-0.5184210523237263,-1.374769290735607,0,0,0,0,Normal
200244,28,66214.59,2364.8067857142855,4891.62,-0.3271079255353809,-0.5100146411566948,-0.5103379758195598,0,0,0,0,Normal
200245,40,98469.16,2461.7290000000003,4945.73,1.653534562455747,1.345745932628791,-0.15162661308566686,0,0,0,0,Normal
200246,30,58696.6,1956.5533333333333,4550.91,0.002999155796473763,-0.9425607713985036,-2.0212934706319827,0,0,0,0,Normal
200247,31,75907.96,2448.6438709677423,4573.12,0.1680526964624011,0.047691565223208256,-0.20005497908309855,0,0,0,0,Normal
200248,27,64562.18,2391.191851851852,4879.72,-0.4921614662013082,-0.6050857374301489,-0.41268623416485734,0,0,0,0,Normal
200249,35,91920.07,2626.2877142857146,4858.18,0.8282668591261104,0.9689452803127695,0.4574090046640006,0,0,0,0,Normal
200250,36,81501.56,2263.932222222222,4932.11,0.9933203997920377,0.3695182814226949,-0.8836770746226076,0,0,0,0,Normal
200251,38,90087.45,2370.7223684210526,4854.75,1.3234274811238924,0.863505835833095,-0.48844426703723554,0,0,0,0,Normal
200252,37,100767.56,2723.4475675675676,4900.23,1.158373940457965,1.4779839411587001,0.8169998748335383,0,0,0,0,Normal
200253,37,84734.96,2290.134054054054,4959.8,1.158373940457965,0.5555513378013105,-0.7867034873827006,0,0,0,0,Normal
200254,25,68668.25,2746.73,4764.22,-0.8222685475331628,-0.36884377794337336,0.9031686971943019,0,0,0,0,Normal
200255,26,67434.3,2593.626923076923,4726.49,-0.6572150068672356,-0.4398388574010314,0.336530658984278,0,0,0,0,Normal
200256,30,73175.93,2439.1976666666665,4924.88,0.002999155796473763,-0.10949526319828937,-0.23501560026239696,0,0,0,0,Normal
200257,33,77882.16,2360.0654545454545,4815.63,0.49815977779425574,0.16127678817819727,-0.5278857524286495,0,0,0,0,Normal
200258,22,43782.4,1990.109090909091,4482.99,-1.3174291695309448,-1.8006464426553668,-1.897102833673513,0,0,0,0,Normal
200259,24,71017.85,2959.0770833333336,4946.91,-0.9873220881990902,-0.2336599871141548,1.6890701770193908,0,0,0,0,Normal
200260,32,80461.84,2514.4325,4827.66,0.33310623712832843,0.309698188214934,0.043430262628242865,0,0,0,0,Normal
200261,37,89745.98,2425.567027027027,4834.99,1.158373940457965,0.8438594240802634,-0.2854629136683426,0,0,0,0,Normal
200262,29,87123.66,3004.2641379310344,4988.44,-0.16205438486945356,0.6929847397223835,1.8563085139902076,0,0,0,0,Normal
200263,24,53908.15,2246.172916666667,4900.17,-0.9873220881990902,-1.2180633348970435,-0.9494046763286674,0,0,0,0,Normal
200264,27,70653.81,2616.8077777777776,4971.54,-0.4921614662013082,-0.25460495954072515,0.4223235398048461,0,0,0,0,Normal
200265,34,86407.71,2541.4032352941176,4889.76,0.663213318460183,0.6517926921210138,0.14324957941322902,0,0,0,0,Normal
200266,33,87324.32,2646.1915151515154,4812.91,0.49815977779425574,0.7045296748040107,0.5310734332449286,0,0,0,0,Normal
200267,40,104217.13,2605.42825,4997.22,1.653534562455747,1.6764542975303154,0.3802076436037784,0,0,0,0,Normal
200268,22,60823.78,2764.7172727272728,4585.98,-1.3174291695309448,-0.8201738731281186,0.9697400106895321,0,0,0,0,Normal
200269,23,58823.14,2557.5278260869563,4957.39,-1.1523756288650175,-0.9352803164736102,0.2029270638728269,0,0,0,0,Normal
200270,39,95005.13,2436.0289743589747,4880.59,1.4884810217898197,1.1464436228968637,-0.24674300397632612,0,0,0,0,Normal
200271,31,84436.08,2723.7445161290325,4933.75,0.1680526964624011,0.538355333629095,0.8180988883458683,0,0,0,0,Normal
200272,19,43701.479999999996,2300.0778947368417,4733.73,-1.8125897915287268,-1.8053021595237277,-0.7499011024143127,0,0,0,0,Normal
200273,26,60725.51,2335.5965384615383,4858.09,-0.6572150068672356,-0.8258278189592332,-0.618445778298555,0,0,0,0,Normal
200274,23,44737.42,1945.1052173913042,4869.56,-1.1523756288650175,-1.745699547899783,-2.06366321321953,0,0,0,0,Normal
200275,31,77950.34,2514.5270967741935,4710.67,0.1680526964624011,0.1651995115603624,0.04378036748326814,0,0,0,0,Normal
200276,31,83899.05,2706.420967741936,4743.4,0.1680526964624011,0.5074574143283567,0.7539840340256457,0,0,0,0,Normal
200277,15,34322.85,2288.19,4024.41,-2.472803954192436,-2.3448998596363557,-0.7938984765200965,0,0,0,0,Normal
200278,33,71260.03,2159.3948484848484,4303.08,0.49815977779425574,-0.21972620669918244,-1.2705723190854916,0,0,0,0,Normal
200279,24,57499.51,2395.8129166666668,4881.53,-0.9873220881990902,-1.0114351177399015,-0.3955835661210031,0,0,0,0,Normal
200280,26,68414.92,2631.3430769230768,4995.47,-0.6572150068672356,-0.38341907149579335,0.4761190190206314,0,0,0,0,Normal
200281,23,70111.88,3048.3426086956524,4972.53,-1.1523756288650175,-0.2857847994130768,2.0194439564863105,0,0,1,1,Low Anomaly Signal
200282,25,54478.14,2179.1256,4689.51,-0.8222685475331628,-1.185269068241125,-1.1975483501643958,0,0,0,0,Normal
200283,30,70776.63,2359.221,4887.03,0.002999155796473763,-0.24753853411101565,-0.5310110982845939,0,0,0,0,Normal
200284,25,69626.39,2785.0556,4788.5,-0.8222685475331628,-0.31371737457892535,1.0450126315793256,0,0,0,0,Normal
200285,30,79882.31,2662.7436666666667,4955.34,0.002999155796473763,0.2763550394665272,0.5923333298530988,0,0,0,0,Normal
200286,38,100597.73,2647.3086842105263,4984.59,1.3234274811238924,1.468212804285817,0.5352081018398969,0,0,0,0,Normal
200287,36,64749.39,1798.5941666666668,4739.54,0.9933203997920377,-0.5943146455501959,-2.6059040095975723,0,0,0,0,Normal
200288,42,93187.23,2218.743571428571,4691.99,1.9836416437876017,1.0418510908282406,-1.0509213191516527,0,0,0,0,Normal
200289,39,101978.86,2614.842564102564,4940.98,1.4884810217898197,1.5476758571577776,0.41505023841884003,0,0,0,0,Normal
200290,26,62734.71,2412.8734615384615,4981.38,-0.6572150068672356,-0.7102288776355761,-0.3324420939100633,0,0,0,0,Normal
200291,30,79538.76,2651.292,4929.76,0.002999155796473763,0.256588955307786,0.5499504459513244,0,0,0,0,Normal
200292,33,90518.39,2742.981515151515,4995.95,0.49815977779425574,0.8882998870843478,0.8892954678412907,0,0,0,0,Normal
200293,30,79815.81999999999,2660.527333333333,4907.65,0.002999155796473763,0.2725295499141628,0.5841306287888302,0,0,0,0,Normal
200294,30,66274.2,2209.14,4905.14,0.002999155796473763,-0.5065849911008002,-1.0864643597192145,0,0,0,0,Normal
200295,28,65568.53,2341.7332142857144,4639.87,-0.3271079255353809,-0.547185580849887,-0.5957337987614676,0,0,0,0,Normal
200296,24,55171.63,2298.8179166666664,4655.09,-0.9873220881990902,-1.1453692524843349,-0.7545643104713949,0,0,0,0,Normal
200297,36,89011.67,2472.546388888889,4996.77,0.9933203997920377,0.8016110373575008,-0.11159120594858865,0,0,0,0,Normal
200298,20,40714.06,2035.703,4504.89,-1.6475362508627995,-1.977182803207343,-1.7283587187882248,0,0,0,0,Normal
200299,32,86214.62,2694.206875,4419.57,0.33310623712832843,0.6406832955551237,0.7087793935383541,0,0,0,0,Normal
200300,23,67777.48,2946.846956521739,4928.44,-1.1523756288650175,-0.42009406112218817,1.6438061940684554,0,0,0,0,Normal
200301,25,48182.46,1927.2984,4792.21,-0.8222685475331628,-1.5474898242198842,-2.129566657331514,0,0,0,0,Normal
200302,45,115130.1,2558.4466666666667,4863.51,2.4788022657853834,2.304329958836722,0.20632771416659232,1,1,0,2,Moderate Anomaly Signal
200303,29,69042.01,2380.758965517241,4997.77,-0.16205438486945356,-0.34733956715841935,-0.45129858843179516,0,0,0,0,Normal
200304,45,139721.66,3104.925777777778,4994.62,2.4788022657853834,3.7192007041568487,2.228859577444148,1,1,1,3,High Anomaly Signal
200305,33,92686.11,2808.67,4947.11,0.49815977779425574,1.0130192465737557,1.132410073606109,0,0,0,0,Normal
200306,36,103613.23,2878.1452777777777,4818.44,0.9933203997920377,1.6417090254492095,1.3895396878193853,0,0,0,0,Normal
200307,29,81647.54000000001,2815.432413793104,4577.54,-0.16205438486945356,0.37791721306435755,1.1574379238772958,0,0,0,0,Normal
200308,39,81914.20999999999,2100.3643589743588,4973.37,1.4884810217898197,0.3932600209892918,-1.4890455297029819,0,0,0,0,Normal
200309,32,71908.56,2247.1425,4931.52,0.33310623712832843,-0.18241315602397273,-0.945816225927001,0,0,0,0,Normal
200310,26,60408.869999999995,2323.4180769230766,4742.94,-0.6572150068672356,-0.8440456413665215,-0.6635185468754878,0,0,0,0,Normal
200311,35,76026.85,2172.1957142857145,4767.78,0.8282668591261104,0.05453187884752119,-1.223196017899612,0,0,0,0,Normal
200312,36,93998.91,2611.0808333333334,4920.22,0.9933203997920377,1.0885509458419709,0.40112798560597096,0,0,0,0,Normal
200313,25,54721.44,2188.8576000000003,4386.18,-0.8222685475331628,-1.1712708488383548,-1.1615299924756681,0,0,0,0,Normal
200314,29,65335.47,2252.9472413793105,4849.78,-0.16205438486945356,-0.5605946437927952,-0.9243327434680451,0,0,0,0,Normal
200315,33,87612.14,2654.9133333333334,4962.15,0.49815977779425574,0.7210893439717263,0.5633530845980684,0,0,0,0,Normal
200316,25,64699.88,2587.9952,4945.52,-0.8222685475331628,-0.5971631940197034,0.31568752127481703,0,0,0,0,Normal
200317,38,105159.31,2767.3502631578945,4918.8,1.3234274811238924,1.7306624453186503,0.9794847693332975,0,0,0,0,Normal
200318,31,68359.65,2205.1499999999996,4748.48,0.1680526964624011,-0.38659902047397326,-1.1012314422488103,0,0,0,0,Normal
200319,35,91250.31,2607.151714285714,4949.78,0.8282668591261104,0.9304107656099356,0.38658622489298944,0,0,0,0,Normal
200320,31,65964.81,2127.8970967741934,4595.12,0.1680526964624011,-0.5243856861317211,-1.3871462286112888,0,0,0,0,Normal
200321,34,82735.95,2433.410294117647,4721.82,0.663213318460183,0.4405386761969878,-0.25643480027765564,0,0,0,0,Normal
200322,29,69999.73,2413.7837931034483,4789.1,-0.16205438486945356,-0.29223732841439526,-0.32907293567711715,0,0,0,0,Normal
200323,28,78589.25,2806.7589285714284,4938.35,-0.3271079255353809,0.20195907735824128,1.1253371539305028,0,0,0,0,Normal
200324,27,67205.61,2489.096666666667,4880.43,-0.4921614662013082,-0.4529964932219091,-0.05033824408589031,0,0,0,0,Normal
200325,28,69435.65,2479.844642857143,4688.27,-0.3271079255353809,-0.32469156434006163,-0.08458019876283704,0,0,0,0,Normal
200326,30,69571.67,2319.0556666666666,4757.56,0.002999155796473763,-0.3168656794113117,-0.6796639284003893,0,0,0,0,Normal
200327,31,83437.46,2691.530967741936,4801.94,0.1680526964624011,0.4808999211342563,0.6988757987209675,0,0,0,0,Normal
200328,25,63936.85,2557.474,4903.39,-0.8222685475331628,-0.6410639805009846,0.202727852276755,0,0,0,0,Normal
200329,34,90087.86,2649.6429411764707,4810.16,0.663213318460183,0.8635294251054139,0.5438472410031507,0,0,0,0,Normal
200330,42,119486.15,2844.9083333333333,4916.65,1.9836416437876017,2.5549544702606304,1.2665289856533024,0,1,0,1,Low Anomaly Signal
200331,27,62459.229999999996,2313.3048148148146,4631.62,-0.4921614662013082,-0.7260785672413105,-0.7009479644685028,0,0,0,0,Normal
200332,47,114348.3,2432.9425531914894,4967.56,2.8089093471172384,2.2593492439617293,-0.2581659202924522,1,1,0,2,Moderate Anomaly Signal
200333,17,37347.520000000004,2196.9129411764707,4344.24,-2.1426968728605815,-2.1708760442603716,-1.1317169879751712,0,0,0,0,Normal
200334,22,66073.12,3003.323636363636,4657.41,-1.3174291695309448,-0.5181540908028515,1.8528276958786827,0,0,0,0,Normal
200335,27,75561.88,2798.5881481481483,4834.25,-0.4921614662013082,0.027779917993817693,1.0950969061004838,0,0,0,0,Normal
200336,23,46560.0,2024.3478260869565,4793.37,-1.1523756288650175,-1.640837752917864,-1.770384480771136,0,0,0,0,Normal
200337,28,69392.56999999999,2478.306071428571,4890.23,-0.3271079255353809,-0.32717016397783955,-0.09027448730002872,0,0,0,0,Normal
200338,26,66430.84,2555.0323076923078,4400.22,-0.6572150068672356,-0.4975727383788524,0.193691092422226,0,0,0,0,Normal
200339,29,81767.6,2819.572413793104,4912.27,-0.16205438486945356,0.38482484241699444,1.1727601598854465,0,0,0,0,Normal
200340,25,65594.02,2623.7608,4696.55,-0.8222685475331628,-0.545719018529391,0.4480568362924818,0,0,0,0,Normal
200341,32,78673.27,2458.5396875,4861.31,0.33310623712832843,0.2067931521392557,-0.16343033260951917,0,0,0,0,Normal
200342,32,79163.88,2473.87125,4941.69,0.33310623712832843,0.2350203055350349,-0.10668786425234054,0,0,0,0,Normal
200343,21,58535.75,2787.4166666666665,4948.9,-1.482482710196872,-0.9518152456727969,1.0537509940666785,0,0,0,0,Normal
200344,32,84535.44,2641.7325,4843.27,0.33310623712832843,0.5440719924036913,0.5145705147629384,0,0,0,0,Normal
200345,34,93334.75,2745.139705882353,4951.55,0.663213318460183,1.0503386260781242,0.8972829817853745,0,0,0,0,Normal
200346,24,58105.0,2421.0416666666665,4687.22,-0.9873220881990902,-0.9765983653100482,-0.30221137730683917,0,0,0,0,Normal
200347,28,74260.29,2652.153214285714,4974.08,-0.3271079255353809,-0.04710681604831868,0.5531378199946343,0,0,0,0,Normal
200348,36,107307.33,2980.7591666666667,4856.64,0.9933203997920377,1.854248369040551,1.7693160702516928,0,0,0,0,Normal
200349,29,91117.35,3141.977586206897,4989.76,-0.16205438486945356,0.9227609372014186,2.3659891796856365,0,0,1,1,Low Anomaly Signal
200350,32,67432.33,2107.2603125,4876.3,0.33310623712832843,-0.43995220097778226,-1.4635234457848376,0,0,0,0,Normal
200351,19,51909.25,2732.065789473684,4715.38,-1.8125897915287268,-1.3330696676722071,0.8488961139678707,0,0,0,0,Normal
200352,28,70462.8,2516.5285714285715,4926.2,-0.3271079255353809,-0.2655946837007049,0.05118787159406803,0,0,0,0,Normal
200353,33,84424.0,2558.3030303030305,4828.48,0.49815977779425574,0.5376603131178518,0.20579611265379355,0,0,0,0,Normal
200354,29,73000.24,2517.249655172414,4986.15,-0.16205438486945356,-0.11960355406089733,0.053856619252231036,0,0,0,0,Normal
200355,22,56867.92,2584.9054545454546,4507.41,-1.3174291695309448,-1.0477735287246759,0.30425230169519046,0,0,0,0,Normal
200356,20,55978.0,2798.9,4697.0,-1.6475362508627995,-1.0989749073145372,1.0962510770361484,0,0,0,0,Normal
200357,30,78968.78,2632.2926666666667,4837.2,0.002999155796473763,0.22379526399997307,0.47963347268299983,0,0,0,0,Normal
200358,38,93517.86,2460.9963157894736,4996.67,1.3234274811238924,1.0608738252348906,-0.1543382943400476,0,0,0,0,Normal
200359,28,65185.06,2328.037857142857,4911.85,-0.3271079255353809,-0.5692484546451204,-0.6464206331476468,0,0,0,0,Normal
200360,22,62737.54,2851.7063636363637,4934.89,-1.3174291695309448,-0.7100660541217665,1.2916886534536876,0,0,0,0,Normal
200361,25,67634.01,2705.3603999999996,4854.0,-0.8222685475331628,-0.42834858038941154,0.7500588482177766,0,0,0,0,Normal
200362,29,73355.57,2529.5024137931036,4800.2,-0.16205438486945356,-0.09915970983407305,0.09920436305346687,0,0,0,0,Normal
200363,26,64592.87,2484.341153846154,4711.0,-0.6572150068672356,-0.6033199940948796,-0.06793850731673165,0,0,0,0,Normal
200364,26,61735.75,2374.451923076923,4909.56,-0.6572150068672356,-0.7677038519659964,-0.4746410987660898,0,0,0,0,Normal
200365,25,52882.520000000004,2115.3008,4546.0,-0.8222685475331628,-1.277072762624389,-1.4337654150854202,0,0,0,0,Normal
200366,27,62027.880000000005,2297.328888888889,4692.77,-0.4921614662013082,-0.7508962077648813,-0.7600752368080604,0,0,0,0,Normal
200367,25,61267.24,2450.6895999999997,4922.67,-0.8222685475331628,-0.7946594860489882,-0.19248368849349104,0,0,0,0,Normal
200368,25,74112.04,2964.4815999999996,4773.12,-0.8222685475331628,-0.05563635170989154,1.7090724185354882,0,0,0,0,Normal
200369,30,67191.25,2239.7083333333335,4462.84,0.002999155796473763,-0.4538226931011684,-0.9733302491614438,0,0,0,0,Normal
200370,34,79314.53,2332.780294117647,4851.21,0.663213318460183,0.24368792474188752,-0.6288687639250585,0,0,0,0,Normal
200371,25,58599.61,2343.9844,4966.1,-0.8222685475331628,-0.9481410726721354,-0.5874021082270572,0,0,0,0,Normal
200372,35,83714.43000000001,2391.840857142857,4819.71,0.8282668591261104,0.4968353376076853,-0.4102842505321708,0,0,0,0,Normal
200373,27,68855.25,2550.1944444444443,4776.84,-0.4921614662013082,-0.35808476837363223,0.17578604835002218,0,0,0,0,Normal
200374,33,88932.43,2694.922121212121,4928.32,0.49815977779425574,0.7970519789708358,0.7114265363562422,0,0,0,0,Normal
200375,23,41528.78,1805.5991304347826,4999.37,-1.1523756288650175,-1.9303080423695917,-2.579978476244041,0,0,0,0,Normal
200376,30,71512.03,2383.7343333333333,4953.34,0.002999155796473763,-0.2052274344447719,-0.44028668314454306,0,0,0,0,Normal
200377,33,67601.08,2048.5175757575757,4802.42,0.49815977779425574,-0.4302432017002752,-1.6809316767346238,0,0,0,0,Normal
200378,33,93759.87,2841.208181818182,4980.95,0.49815977779425574,1.0747978247320724,1.2528346390878269,0,0,0,0,Normal
200379,28,81368.78,2906.027857142857,4948.87,-0.3271079255353809,0.3618788092800734,1.4927337606570064,0,0,0,0,Normal
200380,31,80942.90000000001,2611.061290322581,4943.11,0.1680526964624011,0.33737588417012015,0.40105565646996666,0,0,0,0,Normal
200381,35,94442.6,2698.36,4998.94,0.8282668591261104,1.1140785659275243,0.7241502054758798,0,0,0,0,Normal
200382,41,85490.23,2085.12756097561,4301.34,1.8185881031216744,0.5990056541528521,-1.5454372724434058,0,0,0,0,Normal
200383,25,62370.13,2494.8052,4853.81,-0.8222685475331628,-0.7312049188598341,-0.02921082983619817,0,0,0,0,Normal
200384,28,69584.82,2485.172142857143,4962.59,-0.3271079255353809,-0.3161090966527973,-0.06486299771611481,0,0,0,0,Normal
200385,29,73921.75,2549.0258620689656,4998.68,-0.16205438486945356,-0.06658465080628713,0.17146109787851216,0,0,0,0,Normal
200386,39,101441.81999999999,2601.0723076923073,4861.61,1.4884810217898197,1.5167773625089334,0.36408620010707377,0,0,0,0,Normal
200387,44,115802.17,2631.8675,4971.3,2.3137487251194564,2.342997378951887,0.47805992098989136,1,1,0,2,Moderate Anomaly Signal
200388,30,62820.61,2094.0203333333334,4959.02,0.002999155796473763,-0.705286637410759,-1.5125249157207483,0,0,0,0,Normal
200389,32,92948.39,2904.6371875,4979.38,0.33310623712832843,1.0281094766804493,1.4875868600586422,0,0,0,0,Normal
200390,23,64226.06,2792.437391304348,4916.85,-1.1523756288650175,-0.6244243379466271,1.0723328123832223,0,0,0,0,Normal
200391,22,52733.37,2396.9713636363635,4958.43,-1.3174291695309448,-1.2856540796154419,-0.39129612702133604,0,0,0,0,Normal
200392,29,66362.03,2288.3458620689653,4737.85,-0.16205438486945356,-0.5015317086916539,-0.7933216273883564,0,0,0,0,Normal
200393,22,51486.9,2340.3136363636363,4974.02,-1.3174291695309448,-1.357369494900978,-0.6009876895716226,0,0,0,0,Normal
200394,35,96495.81999999999,2757.023428571428,4944.43,0.8282668591261104,1.23221018961086,0.9412649150456228,0,0,0,0,Normal
200395,36,72062.86,2001.746111111111,4823.73,0.9933203997920377,-0.17353553475867278,-1.8540339520389784,0,0,0,0,Normal
200396,24,78714.94,3279.789166666667,4828.98,-0.9873220881990902,0.20919062769418134,2.8760330348694296,0,0,1,1,Low Anomaly Signal
200397,45,122419.9,2720.442222222222,4912.95,2.4788022657853834,2.7237472206629194,0.8058770220153296,1,1,0,2,Moderate Anomaly Signal
200398,27,69633.67,2579.024814814815,4923.46,-0.4921614662013082,-0.3132985211582424,0.2824879176778539,0,0,0,0,Normal
200399,23,56276.5,2446.804347826087,4990.34,-1.1523756288650175,-1.0818007663703246,-0.20686309688959553,0,0,0,0,Normal
200400,29,80525.35,2776.7362068965517,4996.41,-0.16205438486945356,0.3133522240319092,1.01422236477362,0,0,0,0,Normal
200401,31,79757.67,2572.828064516129,4492.2,0.1680526964624011,0.2691839006816473,0.2595536011174564,0,0,0,0,Normal
200402,29,86398.96,2979.2744827586207,4737.77,-0.16205438486945356,0.6512892625288467,1.7638212206776385,0,0,0,0,Normal
200403,32,85651.8,2676.61875,4923.89,0.33310623712832843,0.60830155349073,0.6436853350381465,0,0,0,0,Normal
200404,41,113666.18000000001,2772.3458536585367,4965.5,1.8185881031216744,2.2201035990007036,0.99797356562579,0,1,0,1,Low Anomaly Signal
200405,23,45353.84,1971.9060869565217,4180.23,-1.1523756288650175,-1.7102339399908,-1.9644725734364539,0,0,0,0,Normal
200406,30,82023.72,2734.1240000000003,4689.73,0.002999155796473763,0.3995606580908022,0.8565135988564397,0,0,0,0,Normal
200407,26,58371.82,2245.07,4877.39,-0.6572150068672356,-0.961246927163533,-0.9534865964890517,0,0,0,0,Normal
200408,27,49806.75,1844.6944444444443,4958.77,-0.4921614662013082,-1.4540366068186283,-2.4352858124593038,0,0,0,0,Normal
200409,22,59029.53,2683.1604545454543,4657.44,-1.3174291695309448,-0.9234057069276269,0.6678963352654519,0,0,0,0,Normal
200410,39,109032.73,2795.7110256410256,4940.37,1.4884810217898197,1.953518931134836,1.0844486089800736,0,0,0,0,Normal
200411,29,77029.97,2656.2058620689654,4974.96,-0.16205438486945356,0.11224619798976018,0.5681367634228681,0,0,0,0,Normal
200412,61,146062.19,2394.462131147541,4939.02,5.119658916440221,4.084001896388029,-0.4005828546525091,1,1,0,2,Moderate Anomaly Signal
200413,28,63871.78,2281.1349999999998,4739.01,-0.3271079255353809,-0.6448077706223913,-0.8200091951281908,0,0,0,0,Normal
200414,27,72296.35,2677.642592592593,4938.74,-0.4921614662013082,-0.16010173184723472,0.6474746002166254,0,0,0,0,Normal
200415,31,84995.99,2741.806129032258,4919.55,0.1680526964624011,0.5705696493948373,0.8849453365562763,0,0,0,0,Normal
200416,27,66686.19,2469.858888888889,4883.81,-0.4921614662013082,-0.4828812245091547,-0.12153770577272056,0,0,0,0,Normal
200417,25,68142.34,2725.6936,4860.34,-0.8222685475331628,-0.39910191015098084,0.8253124929523045,0,0,0,0,Normal
200418,32,81348.39,2542.1371875,4996.59,0.33310623712832843,0.3607056744932979,0.1459659535478263,0,0,0,0,Normal
200419,29,82871.47,2857.636896551724,4863.64,-0.16205438486945356,0.448335793720471,1.3136376933047165,0,0,0,0,Normal
200420,28,60206.92,2150.247142857143,4611.74,-0.3271079255353809,-0.8556647963537364,-1.30442818975235,0,0,0,0,Normal
200421,29,66560.85,2295.2017241379313,4707.72,-0.16205438486945356,-0.49009263766140776,-0.7679479228811034,0,0,0,0,Normal
200422,30,81258.78,2708.6259999999997,4733.21,0.002999155796473763,0.3555499801214021,0.7621449095482647,0,0,0,0,Normal
200423,28,76145.43,2719.4796428571426,4885.62,-0.3271079255353809,0.06135435668056808,0.8023144934625948,0,0,0,0,Normal
200424,26,45172.090000000004,1737.388076923077,4854.62,-0.6572150068672356,-1.7206908918052404,-2.8324291671307504,0,0,0,0,Normal
200425,33,76968.35,2332.3742424242428,4950.9,0.49815977779425574,0.10870090296469388,-0.6303715706588382,0,0,0,0,Normal
200426,21,51113.340000000004,2433.9685714285715,4806.43,-1.482482710196872,-1.3788621987238254,-0.2543686030032641,0,0,0,0,Normal
200427,29,75403.52,2600.1213793103448,4932.88,-0.16205438486945356,0.018668705397752373,0.36056679211304504,0,0,0,0,Normal
200428,32,80327.45999999999,2510.2331249999997,4842.58,0.33310623712832843,0.3019666603754588,0.027888278368162725,0,0,0,0,Normal
200429,22,51580.1,2344.5499999999997,4880.02,-1.3174291695309448,-1.3520072505592677,-0.5853088095105816,0,0,0,0,Normal
200430,60,155715.49,2595.2581666666665,4989.49,4.954605375774293,4.639402682909859,0.34256792933906854,1,1,0,2,Moderate Anomaly Signal
200431,22,60797.88,2763.54,4678.3,-1.3174291695309448,-0.8216640247209331,0.9653828970244999,0,0,0,0,Normal
200432,26,58909.22,2265.7392307692307,4909.2,-0.6572150068672356,-0.9303277199828972,-0.8769892940849238,0,0,0,0,Normal
200433,38,90010.32,2368.6926315789474,4993.4,1.3234274811238924,0.8590681758966564,-0.4959563701602247,0,0,0,0,Normal
200434,31,78652.56999999999,2537.1796774193544,4832.69,0.1680526964624011,0.20560218156121415,0.127618093772841,0,0,0,0,Normal
200435,38,89786.70999999999,2362.8081578947367,4962.79,1.3234274811238924,0.8462028169132875,-0.5177349437286378,0,0,0,0,Normal
200436,31,64426.75,2078.282258064516,4662.36,0.1680526964624011,-0.612877676820684,-1.570771897262503,0,0,0,0,Normal
200437,29,78870.11,2719.6589655172415,4896.79,-0.16205438486945356,0.21811830424464507,0.8029781707861806,0,0,0,0,Normal
200438,26,61483.35,2364.744230769231,4977.54,-0.6572150068672356,-0.7822256381446204,-0.5105694931218797,0,0,0,0,Normal
200439,33,76292.87,2311.9051515151514,4796.87,0.49815977779425574,0.06983728914560904,-0.7061281507992726,0,0,0,0,Normal
200440,39,92841.92,2380.562051282051,4959.3,1.4884810217898197,1.0219837454029608,-0.45202737258274817,0,0,0,0,Normal
200441,42,87047.39,2072.5569047619047,4697.05,1.9836416437876017,0.6885965597230027,-1.5919615626085561,0,0,0,0,Normal
200442,33,94427.24,2861.431515151515,4966.82,0.49815977779425574,1.1131948312377316,1.3276816647411707,0,0,0,0,Normal
200443,22,53945.69,2452.0768181818185,4561.75,-1.3174291695309448,-1.2159034781096205,-0.18734956183247045,0,0,0,0,Normal
200444,31,73757.59,2379.2770967741935,4914.11,0.1680526964624011,-0.07602956530344619,-0.4567830190149052,0,0,0,0,Normal
200445,24,62973.89,2623.912083333333,4899.87,-0.9873220881990902,-0.6964677016522034,0.4486167394174649,0,0,0,0,Normal
200446,26,74141.61,2851.6003846153844,4989.08,-0.6572150068672356,-0.05393504736241923,1.29129642263935,0,0,0,0,Normal
200447,34,89985.54000000001,2646.633529411765,4829.81,0.663213318460183,0.8576424632916394,0.5327093382725879,0,0,0,0,Normal
200448,30,75798.19,2526.6063333333336,4734.39,0.002999155796473763,0.04137596907095944,0.08848590211066712,0,0,0,0,Normal
200449,26,81370.78,3129.6453846153845,4989.01,-0.6572150068672356,0.36199387890114015,2.320347415607074,0,0,1,1,Low Anomaly Signal
200450,32,85801.88,2681.30875,4745.9,0.33310623712832843,0.616936377855579,0.6610431338010039,0,0,0,0,Normal
200451,32,70079.34,2189.979375,4997.44,0.33310623712832843,-0.28765698214783325,-1.1573782771862868,0,0,0,0,Normal
200452,25,52361.88,2094.4752,4788.93,-0.8222685475331628,-1.3070276863804857,-1.5108414436388873,0,0,0,0,Normal
200453,35,93982.56,2685.216,4963.25,0.8282668591261104,1.08761025168975,0.6755039566615944,0,0,0,0,Normal
200454,25,61766.62,2470.6648,4768.17,-0.8222685475331628,-0.765927752364831,-0.11855501006111788,0,0,0,0,Normal
200455,22,62056.01,2820.7277272727274,4989.89,-1.3174291695309448,-0.7492777535445776,1.1770360018656858,0,0,0,0,Normal
200456,32,84803.86,2650.120625,4515.91,0.33310623712832843,0.5595154862470597,0.5456151599116996,0,0,0,0,Normal
200457,29,66912.97,2307.343793103448,4938.33,-0.16205438486945356,-0.469833480176396,-0.7230098440605967,0,0,0,0,Normal
200458,35,83903.43000000001,2397.2408571428573,4947.07,0.8282668591261104,0.5077094167984931,-0.3902987253041473,0,0,0,0,Normal
200459,39,82414.6,2113.194871794872,4922.9,1.4884810217898197,0.4220498648320882,-1.4415595042098626,0,0,0,0,Normal
200460,24,51885.71,2161.9045833333334,4937.85,-0.9873220881990902,-1.3344240371121627,-1.2612837322095567,0,0,0,0,Normal
200461,26,76961.4,2960.053846153846,4909.63,-0.6572150068672356,0.10830103603148625,1.6926851988696023,0,0,0,0,Normal
200462,24,53118.340000000004,2213.264166666667,4912.33,-0.9873220881990902,-1.2635049036044084,-1.07120072324491,0,0,0,0,Normal
200463,25,69208.64,2768.3456,4987.96,-0.8222685475331628,-0.3377525416792428,0.9831685340681648,0,0,0,0,Normal
200464,29,60332.36,2080.426206896552,4604.54,-0.16205438486945356,-0.8484476297204298,-1.5628370929161624,0,0,0,0,Normal
200465,25,60250.32,2410.0128,4730.98,-0.8222685475331628,-0.8531677855765879,-0.3430294686037222,0,0,0,0,Normal
200466,29,70127.47,2418.188620689655,4707.05,-0.16205438486945356,-0.28488783171686166,-0.31277056663096325,0,0,0,0,Normal
200467,28,76670.26,2738.223571428571,4867.86,-0.3271079255353809,0.09155035129279945,0.8716862077841782,0,0,0,0,Normal
200468,27,58605.65,2170.57962962963,4388.18,-0.4921614662013082,-0.9477935624165138,-1.22917718468939,0,0,0,0,Normal
200469,44,118106.43,2684.2370454545453,4974.8,2.3137487251194564,2.475572541471522,0.6718808231865442,1,1,0,2,Moderate Anomaly Signal
200470,23,46622.659999999996,2027.0721739130433,4992.91,-1.1523756288650175,-1.637232621689843,-1.7603016062881418,0,0,0,0,Normal
200471,26,69571.01,2675.808076923077,4878.11,-0.6572150068672356,-0.31690365238626395,0.6406850151806414,0,0,0,0,Normal
200472,21,53215.15,2534.054761904762,4840.46,-1.482482710196872,-1.2579349585966724,0.11605270898537283,0,0,0,0,Normal
200473,33,74705.13,2263.791818181818,4769.97,0.49815977779425574,-0.021513030930651447,-0.8841967132321653,0,0,0,0,Normal
200474,33,82519.06,2500.5775757575757,4623.37,0.49815977779425574,0.42805995114040407,-0.00784713329385324,0,0,0,0,Normal
200475,35,91938.52,2626.8148571428574,4957.02,0.8282668591261104,0.9700067975671101,0.45935997260292616,0,0,0,0,Normal
200476,19,37634.87,1980.7826315789475,4916.75,-1.8125897915287268,-2.154343416453606,-1.9316202759384602,0,0,0,0,Normal
200477,23,50755.45,2206.7586956521736,4277.37,-1.1523756288650175,-1.3994533320656155,-1.0952776223338594,0,0,0,0,Normal
200478,29,74951.9,2584.5482758620687,4883.05,-0.16205438486945356,-0.0073151657353310705,0.30293037510487186,0,0,0,0,Normal
200479,33,70521.22,2137.0066666666667,4580.46,0.49815977779425574,-0.2622335000693452,-1.3534314991849064,0,0,0,0,Normal
200480,23,52092.25,2264.8804347826085,4983.39,-1.1523756288650175,-1.3225407973445995,-0.8801677179472133,0,0,0,0,Normal
200481,30,77768.78,2592.2926666666667,4975.33,0.002999155796473763,0.15475349135992292,0.3315925450680132,0,0,0,0,Normal
200482,27,81793.99,3029.4070370370373,4977.19,-0.4921614662013082,0.3863431860669702,1.9493629666547747,0,0,0,0,Normal
200483,28,57537.01,2054.8932142857143,4844.2,-0.3271079255353809,-1.0092775623448997,-1.6573352906885368,0,0,0,0,Normal
200484,33,95391.26,2890.6442424242423,4979.83,0.49815977779425574,1.1686595392881152,1.4357986458316239,0,0,0,0,Normal
200485,22,58458.34,2657.197272727273,4944.13,-1.3174291695309448,-0.9562690153561856,0.5718059972604482,0,0,0,0,Normal
200486,39,124748.38,3198.6764102564102,4983.09,1.4884810217898197,2.8577158762936734,2.5758328423598584,0,1,1,2,Moderate Anomaly Signal
200487,30,77242.43000000001,2574.747666666667,4918.28,0.002999155796473763,0.12447004383568143,0.26665809319289113,0,0,0,0,Normal
200488,29,77046.70999999999,2656.7831034482756,4797.66,-0.16205438486945356,0.11320933071808835,0.5702731471541389,0,0,0,0,Normal
200489,34,94119.33,2768.215588235294,4755.14,0.663213318460183,1.0954792877263997,0.9826873575119661,0,0,0,0,Normal
200490,25,70579.09,2823.1636,4944.57,-0.8222685475331628,-0.258903960583779,1.1860512233181224,0,0,0,0,Normal
200491,36,94652.44,2629.2344444444443,4961.4,0.9933203997920377,1.1261516705698473,0.4683149213172355,0,0,0,0,Normal
200492,35,98347.58,2809.9308571428573,4724.77,0.8282668591261104,1.3387508503641432,1.1370765351315733,0,0,0,0,Normal
200493,27,65810.82,2437.437777777778,4829.1,-0.4921614662013082,-0.5332454716057551,-0.24152898985265536,0,0,0,0,Normal
200494,26,72984.03,2807.078076923077,4968.97,-0.6572150068672356,-0.12053619333964372,1.1265183293811236,0,0,0,0,Normal
200495,28,59901.32,2139.332857142857,4961.88,-0.3271079255353809,-0.8732474344527358,-1.3448222142872974,0,0,0,0,Normal
200496,33,69580.81,2108.5093939393937,4913.65,0.49815977779425574,-0.3163398112430367,-1.458900566410975,0,0,0,0,Normal
200497,27,61492.18,2277.488148148148,4974.56,-0.4921614662013082,-0.7817176057676106,-0.8335062784037552,0,0,0,0,Normal
200498,26,51553.53,1982.8280769230769,4649.05,-0.6572150068672356,-1.3535359504751394,-1.9240500352851937,0,0,0,0,Normal
200499,27,73080.11,2706.6707407407407,4873.95,-0.4921614662013082,-0.11500824874359693,0.7549084496865522,0,0,0,0,Normal
200500,28,58138.25,2076.3660714285716,4607.28,-0.3271079255353809,-0.9746853328598134,-1.57786374843922,0,0,0,0,Normal
200501,32,76953.7,2404.803125,4928.21,0.33310623712832843,0.10785801799037943,-0.36231059659303755,0,0,0,0,Normal
200502,31,78170.28,2521.621935483871,4880.87,0.1680526964624011,0.17785371778907305,0.0700385300797518,0,0,0,0,Normal
200503,28,79834.33,2851.2260714285717,4965.65,-0.3271079255353809,0.27359451925713607,1.2899110808544931,0,0,0,0,Normal
200504,37,83746.5,2263.4189189189187,4405.79,1.158373940457965,0.49868047898149015,-0.8855768220518296,0,0,0,0,Normal
200505,32,81490.93,2546.5915625,4855.53,0.33310623712832843,0.3689066863867248,0.16245169872145068,0,0,0,0,Normal
200506,29,58176.33,2006.0803448275863,4714.05,-0.16205438486945356,-0.9724944072747024,-1.8379928525418,0,0,0,0,Normal
200507,37,76823.24,2076.3037837837837,4879.71,1.158373940457965,0.10035202660819578,-1.5780942764570534,0,0,0,0,Normal
200508,33,85742.89,2598.269393939394,4725.91,0.49815977779425574,0.6135423993822149,0.3537125513069213,0,0,0,0,Normal
200509,32,66460.4,2076.8875,4962.76,0.33310623712832843,-0.49587200937948595,-1.57593392920424,0,0,0,0,Normal
200510,37,85713.56,2316.5827027027026,4984.19,1.158373940457965,0.611854903389271,-0.688816425379981,0,0,0,0,Normal
200511,28,64436.590000000004,2301.306785714286,4998.43,-0.3271079255353809,-0.6123115342850354,-0.7453529484083492,0,0,0,0,Normal
200512,29,70960.08,2446.8993103448274,4882.43,-0.16205438486945356,-0.23698377311866814,-0.2065116384055208,0,0,0,0,Normal
200513,18,41781.83,2321.212777777778,4843.16,-1.977643332194654,-1.915748858564121,-0.6716804101539521,0,0,0,0,Normal
200514,43,120528.12,2802.979534883721,4978.31,2.148695184453529,2.614904016792091,1.1113495302467422,1,1,0,2,Moderate Anomaly Signal
200515,30,77983.07,2599.4356666666667,4892.51,0.002999155796473763,0.16708262590912035,0.35802895371685955,0,0,0,0,Normal
200516,22,59601.02,2709.1372727272724,4793.92,-1.3174291695309448,-0.8905251380559085,0.7640371417685068,0,0,0,0,Normal
200517,51,138070.78,2707.270196078431,4953.31,3.4691235097809474,3.6242176361435097,0.7571270477929384,1,1,0,2,Moderate Anomaly Signal
200518,22,49281.61,2240.0731818181816,4990.39,-1.3174291695309448,-1.484250437222125,-0.9719799364580478,0,0,0,0,Normal
200519,31,74124.56,2391.1148387096773,4988.85,0.1680526964624011,-0.05491601588201345,-0.412971261590009,0,0,0,0,Normal
200520,20,60684.03,3034.2015,4603.73,-1.6475362508627995,-0.8282143629001578,1.9671073852660927,0,0,0,0,Normal
200521,35,86507.70999999999,2471.6488571428567,4998.12,0.8282668591261104,0.6575461731743504,-0.1149129917547513,0,0,0,0,Normal
200522,32,83670.82,2614.713125,4668.87,0.33310623712832843,0.49432624452032475,0.4145711812985094,0,0,0,0,Normal
200523,37,88654.36,2396.063783783784,4941.92,1.158373940457965,0.7810532742058206,-0.39465510110284996,0,0,0,0,Normal
200524,29,81007.15,2793.35,4867.0,-0.16205438486945356,0.3410724957468887,1.0757103983295684,0,0,0,0,Normal
200525,27,55133.89,2041.9959259259258,4204.75,-0.4921614662013082,-1.1475406162338644,-1.7050684540010632,0,0,0,0,Normal
200526,33,91168.03,2762.667575757576,4874.18,0.49815977779425574,0.9256768013992496,0.9621540346714431,0,0,0,0,Normal
200527,32,70520.55,2203.7671875,4948.38,0.33310623712832843,-0.2622720483924024,-1.1063492633792484,0,0,0,0,Normal
200528,45,107586.28,2390.806222222222,4492.99,2.4788022657853834,1.8702977044388358,-0.41411345836701313,1,0,0,1,Low Anomaly Signal
200529,26,68827.92,2647.2276923076925,4978.85,-0.6572150068672356,-0.35965719474550945,0.5349083489292763,0,0,0,0,Normal
200530,32,97554.94,3048.591875,4898.98,0.33310623712832843,1.2931464581429688,2.0203664968592805,0,0,1,1,Low Anomaly Signal
200531,21,64396.93,3066.520476190476,4963.6,-1.482482710196872,-0.6145933648707892,2.0867206656362107,0,0,1,1,Low Anomaly Signal
200532,23,68685.78,2986.338260869565,4782.04,-1.1523756288650175,-0.36783519271472337,1.7899644272779047,0,0,0,0,Normal
200533,34,82488.63,2426.1361764705885,4985.85,0.663213318460183,0.42630916685587383,-0.283356478378933,0,0,0,0,Normal
200534,27,66933.01,2479.00037037037,4693.69,-0.4921614662013082,-0.4686804825733075,-0.08770487081537828,0,0,0,0,Normal
200535,29,59980.4,2068.289655172414,4946.77,-0.16205438486945356,-0.8686975816357564,-1.6077547522983784,0,0,0,0,Normal
200536,39,93208.68000000001,2389.966153846154,4610.05,1.4884810217898197,1.043085212514182,-0.4172225709083406,0,0,0,0,Normal
200537,29,60110.09,2072.7617241379307,4927.53,-0.16205438486945356,-0.8612358920576832,-1.5912035213480455,0,0,0,0,Normal
200538,34,74649.55,2195.5750000000003,4988.48,0.663213318460183,-0.024710815700096537,-1.1366687392966452,0,0,0,0,Normal
200539,36,89459.61,2484.9891666666667,4511.78,0.9933203997920377,0.827383180387821,-0.06554019684035452,0,0,0,0,Normal
200540,35,100224.89,2863.5682857142856,4967.08,0.8282668591261104,1.4467615255265536,1.3355899021464936,0,0,0,0,Normal
200541,31,77548.22,2501.5554838709677,4903.78,0.1680526964624011,0.14206361354868186,-0.004227872688133893,0,0,0,0,Normal
200542,24,48695.71,2028.9879166666667,4913.04,-0.9873220881990902,-1.5179600827136295,-1.7532113979301895,0,0,0,0,Normal
200543,35,75660.12,2161.717714285714,4672.79,0.8282668591261104,0.03343213778061593,-1.2619753388883597,0,0,0,0,Normal
200544,28,70095.03,2503.3939285714287,4972.08,-0.3271079255353809,-0.28675426097056445,0.0025762537824935536,0,0,0,0,Normal
200545,23,61214.23,2661.4882608695652,4871.35,-1.1523756288650175,-0.797709406355362,0.5876870438846954,0,0,0,0,Normal
200546,38,107722.33,2834.798157894737,4880.92,1.3234274811238924,1.8781253154119018,1.229110991896301,0,0,0,0,Normal
200547,30,74549.43,2484.9809999999998,4601.96,0.002999155796473763,-0.030471200930698626,-0.06557042186307702,0,0,0,0,Normal
200548,32,100198.25,3131.1953125,4988.48,0.33310623712832843,1.4452287981739445,2.3260837346514442,0,0,1,1,Low Anomaly Signal
200549,24,53155.07,2214.7945833333333,4814.17,-0.9873220881990902,-1.2613916500135178,-1.0655366156706412,0,0,0,0,Normal
200550,28,77783.46,2777.9807142857144,4807.31,-0.3271079255353809,0.15559810237855332,1.0188283154815037,0,0,0,0,Normal
200551,24,47805.619999999995,1991.9008333333331,4442.36,-0.9873220881990902,-1.5691712422212816,-1.8904715534102148,0,0,0,0,Normal
200552,23,55327.74,2405.553913043478,4960.99,-1.1523756288650175,-1.1363874932119697,-0.3595319126330686,0,0,0,0,Normal
200553,33,89143.35,2701.3136363636368,4660.88,0.49815977779425574,0.809187221208536,0.7350816821536329,0,0,0,0,Normal
200554,27,68876.87,2550.995185185185,4764.33,-0.4921614662013082,-0.35684086576990093,0.17874960840098175,0,0,0,0,Normal
200555,27,69711.99,2581.9255555555555,4967.62,-0.4921614662013082,-0.3087923947972681,0.29322362642859995,0,0,0,0,Normal
200556,29,86524.8,2983.613793103448,4991.45,-0.16205438486945356,0.6585294430863664,1.7798811088940776,0,0,0,0,Normal
200557,36,88781.18000000001,2466.1438888888893,4886.24,0.9933203997920377,0.7883498388776636,-0.1352870069249613,0,0,0,0,Normal
200558,24,53604.94,2233.539166666667,4956.66,-0.9873220881990902,-1.2355084647988681,-0.9961624780600632,0,0,0,0,Normal
200559,31,84837.5,2736.6935483870966,4891.0,0.1680526964624011,0.5614509572734024,0.8660235570258732,0,0,0,0,Normal
200560,21,61472.65,2927.269047619048,4969.42,-1.482482710196872,-0.7828412606173274,1.5713478992005536,0,0,0,0,Normal
200561,47,109727.36,2334.6246808510637,4967.08,2.8089093471172384,1.9934843365756347,-0.6220426458526638,1,0,0,1,Low Anomaly Signal
200562,32,89139.5,2785.609375,4947.42,0.33310623712832843,0.8089657121879822,1.0470621656965748,0,0,0,0,Normal
200563,35,83110.48,2374.5851428571427,4971.11,0.8282668591261104,0.4620871887860527,-0.4741480492700795,0,0,0,0,Normal
200564,40,101605.48,2540.1369999999997,4949.42,1.653534562455747,1.5261935096008257,0.13856321322522777,0,0,0,0,Normal
200565,30,67021.7,2234.0566666666664,4918.36,0.002999155796473763,-0.46357772022710236,-0.9942471985590463,0,0,0,0,Normal
200566,24,56288.25,2345.34375,4779.47,-0.9873220881990902,-1.0811247323465574,-0.5823711223532207,0,0,0,0,Normal
200567,29,57112.2,1969.3862068965516,4963.58,-0.16205438486945356,-1.0337189252075831,-1.9737987079753658,0,0,0,0,Normal
200568,25,66733.79000000001,2669.3516000000004,4728.93,-0.8222685475331628,-0.48014256752776574,0.6167894443602164,0,0,0,0,Normal
200569,29,70797.33,2441.28724137931,4874.49,-0.16205438486945356,-0.24634756353297493,-0.22728203579288195,0,0,0,0,Normal
200570,33,82821.91,2509.7548484848485,4408.6,0.49815977779425574,0.44548436851043705,0.02611816589417631,0,0,0,0,Normal
200571,26,68359.37,2629.2065384615385,4988.08,-0.6572150068672356,-0.38661513022092253,0.46821164062735077,0,0,0,0,Normal
200572,28,68746.34,2455.2264285714286,4907.86,-0.3271079255353809,-0.3643508845888223,-0.17569278073987815,0,0,0,0,Normal
200573,26,59349.69,2282.680384615385,4916.62,-0.6572150068672356,-0.9049853619872613,-0.8142896908286026,0,0,0,0,Normal
200574,29,77851.56,2684.536551724138,4774.34,-0.16205438486945356,0.15951622297587564,0.6729893028359695,0,0,0,0,Normal
200575,32,98249.77,3070.3053125,4993.09,0.33310623712832843,1.3331233705458738,2.1007284325895315,0,0,1,1,Low Anomaly Signal
200576,39,115042.48,2949.8071794871794,4985.52,1.4884810217898197,2.299288758737787,1.654762047912231,0,1,0,1,Low Anomaly Signal
200577,24,55234.86,2301.4525,4572.68,-0.9873220881990902,-1.1417313264143094,-0.7448136564577532,0,0,0,0,Normal
200578,23,65035.229999999996,2827.6186956521738,4835.54,-1.1523756288650175,-0.5778688953073361,1.2025396356421552,0,0,0,0,Normal
200579,33,89596.6,2715.048484848485,4867.68,0.49815977779425574,0.8352648740827884,0.7859146749123378,0,0,0,0,Normal
200580,24,58145.24,2422.7183333333332,4872.55,-0.9873220881990902,-0.9742831645341853,-0.2960059950909774,0,0,0,0,Normal
200581,24,55060.84,2294.2016666666664,4960.18,-0.9873220881990902,-1.1517435341433275,-0.7716491587739621,0,0,0,0,Normal
200582,30,80505.38,2683.512666666667,4833.06,0.002999155796473763,0.31220325386555764,0.669199880493991,0,0,0,0,Normal
200583,23,69242.28,3010.533913043478,4936.47,-1.1523756288650175,-0.3358170706529001,1.879513097079796,0,0,0,0,Normal
200584,26,53810.72,2069.643076923077,4110.05,-0.6572150068672356,-1.2236689514873103,-1.6027457070128168,0,0,0,0,Normal
200585,19,53158.6,2797.821052631579,4944.09,-1.8125897915287268,-1.261188552132335,1.0922578678044277,0,0,0,0,Normal
200586,16,40348.38,2521.77375,4733.95,-2.3077504135265086,-1.9982221327231877,0.07060039912458067,0,0,0,0,Normal
200587,32,73439.01,2294.9690625,4969.53,0.33310623712832843,-0.09435900524316894,-0.768809008998598,0,0,0,0,Normal
200588,29,62941.91,2170.4106896551725,4937.26,-0.16205438486945356,-0.6983076648930605,-1.2298024354526378,0,0,0,0,Normal
200589,32,91427.9,2857.121875,4954.28,0.33310623712832843,0.9406283726125575,1.3117315865982424,0,0,0,0,Normal
200590,38,113109.44,2976.564210526316,4847.61,1.3234274811238924,2.188071668584352,1.75379044029365,0,1,0,1,Low Anomaly Signal
200591,39,94736.45999999999,2429.14,4965.84,1.4884810217898197,1.130985745350861,-0.27223925783678826,0,0,0,0,Normal
200592,26,62007.27,2384.895,4924.28,-0.6572150068672356,-0.7520820002099746,-0.43599102889491487,0,0,0,0,Normal
200593,33,83709.7,2536.6575757575756,4854.71,0.49815977779425574,0.4965631979538618,0.1256857834148644,0,0,0,0,Normal
200594,30,100002.58,3333.4193333333333,4978.93,0.002999155796473763,1.433970961796879,3.0745195254064197,0,0,1,1,Low Anomaly Signal
200595,28,73184.08,2613.717142857143,4669.84,-0.3271079255353809,-0.10902635449244186,0.41088502829059503,0,0,0,0,Normal
200596,21,50575.22,2408.34380952381,4944.26,-1.482482710196872,-1.4098228309680454,-0.3492064410606165,0,0,0,0,Normal
200597,28,63059.36,2252.12,4915.63,-0.3271079255353809,-0.6915502013959157,-0.9273943829969112,0,0,0,0,Normal
200598,32,83227.72,2600.86625,4915.14,0.33310623712832843,0.4688325699729859,0.36332357580928953,0,0,0,0,Normal
200599,33,84859.27,2571.4930303030305,4964.85,0.49815977779425574,0.5627034900987142,0.2546126085348356,0,0,0,0,Normal
200600,34,87395.89,2570.4673529411766,4947.01,0.663213318460183,0.708647441193884,0.2508165528327719,0,0,0,0,Normal
200601,30,72426.17,2414.2056666666667,4952.74,0.002999155796473763,-0.1526325627437924,-0.3275115718362396,0,0,0,0,Normal
200602,48,108655.73,2263.6610416666667,4640.37,2.9739628877831654,1.9318283075637537,-0.884680720147497,1,0,0,1,Low Anomaly Signal
200603,33,87404.31,2648.6154545454547,4982.57,0.49815977779425574,0.7091318842985749,0.5400444891539605,0,0,0,0,Normal
200604,29,67483.23,2327.0079310344827,4784.23,-0.16205438486945356,-0.4370236791216338,-0.650232413559112,0,0,0,0,Normal
200605,31,81441.0,2627.1290322580644,4990.64,0.1680526964624011,0.3660339732967938,0.46052274199014603,0,0,0,0,Normal
200606,31,88616.67,2858.6022580645163,4964.21,0.1680526964624011,0.7788847871968176,1.3172105186506555,0,0,0,0,Normal
200607,25,71842.1,2873.684,4959.72,-0.8222685475331628,-0.18623691953202037,1.3730283953051277,0,0,0,0,Normal
200608,27,73990.92,2740.4044444444444,4785.72,-0.4921614662013082,-0.06260496796169367,0.8797576693911873,0,0,0,0,Normal
200609,42,99443.98,2367.7138095238092,4896.66,1.9836416437876017,1.4018320166329352,-0.49957901328554116,0,0,0,0,Normal
200610,33,78805.01,2388.030606060606,4991.13,0.49815977779425574,0.214372788078922,-0.42438607814873336,0,0,0,0,Normal
200611,40,97104.77,2427.61925,4949.43,1.653534562455747,1.2672460124851594,-0.27786758885354934,0,0,0,0,Normal
200612,27,72354.98,2679.814074074074,4852.65,-0.4921614662013082,-0.1567284659056635,0.655511303537057,0,0,0,0,Normal
200613,34,75358.16,2216.4164705882354,4936.74,0.663213318460183,0.016058926391958446,-1.0595339733280758,0,0,0,0,Normal
200614,26,55627.02,2139.500769230769,4736.72,-0.6572150068672356,-1.1191684751155413,-1.3442007677559906,0,0,0,0,Normal
200615,32,89949.8,2810.93125,4918.57,0.33310623712832843,0.8555861691631763,1.1407790122953436,0,0,0,0,Normal
200616,39,87035.3,2231.674358974359,4824.07,1.4884810217898197,0.6879009638636544,-1.0030641745748832,0,0,0,0,Normal
200617,35,89636.12,2561.0319999999997,4457.94,0.8282668591261104,0.8375386497950668,0.21589609278810631,0,0,0,0,Normal
200618,37,106067.39,2866.686216216216,4983.27,1.158373940457965,1.7829086560677976,1.3471294352401149,0,0,0,0,Normal
200619,30,77801.64,2593.388,4974.8,0.002999155796473763,0.15664408523404966,0.3356463991358698,0,0,0,0,Normal
200620,30,68586.56,2286.2186666666666,4880.04,0.002999155796473763,-0.3735437966158449,-0.801194426902722,0,0,0,0,Normal
200621,23,50651.15,2202.223913043478,4894.52,-1.1523756288650175,-1.4054542128042462,-1.112060957931949,0,0,0,0,Normal
200622,29,73115.81999999999,2521.235172413793,4868.85,-0.16205438486945356,-0.11295368065945058,0.06860711098821298,0,0,0,0,Normal
200623,27,74099.98,2744.4437037037037,4600.56,-0.4921614662013082,-0.05633022152492391,0.8947070615816416,0,0,0,0,Normal
200624,28,71662.28,2559.367142857143,4746.71,-0.3271079255353809,-0.1965828291621323,0.20973441789373234,0,0,0,0,Normal
200625,31,81972.16,2644.263225806452,4935.01,0.1680526964624011,0.39659416325970154,0.5239367896610959,0,0,0,0,Normal
200626,32,84480.58,2640.018125,4679.13,0.33310623712832843,0.5409156326978303,0.5082255731309396,0,0,0,0,Normal
200627,27,79961.21,2961.5262962962966,4932.78,-0.4921614662013082,0.280894536017611,1.698134770993483,0,0,0,0,Normal
200628,29,71825.07,2476.726551724138,4974.79,-0.16205438486945356,-0.18721673735540367,-0.09612032635578935,0,0,0,0,Normal
200629,26,62274.24,2395.163076923077,4950.86,-0.6572150068672356,-0.7367219318418794,-0.3979886380820562,0,0,0,0,Normal
200630,25,67394.71,2695.7884000000004,4801.65,-0.8222685475331628,-0.44211666055004756,0.7146326542395132,0,0,0,0,Normal
200631,32,77241.16,2413.78625,4923.43,0.33310623712832843,0.12439697462630381,-0.3290638426460024,0,0,0,0,Normal
200632,35,87551.43,2501.4694285714286,4986.7,0.8282668591261104,0.7175964056242448,-0.004546365347382784,0,0,0,0,Normal
200633,28,70983.47,2535.1239285714287,4804.88,-0.3271079255353809,-0.23563803390029253,0.12000971961308173,0,0,0,0,Normal
200634,38,105093.4,2765.615789473684,4939.69,1.3234274811238924,1.7268703259563953,0.9730654420049397,0,0,0,0,Normal
200635,25,65499.770000000004,2619.9908,4828.85,-0.8222685475331628,-0.5511416744221616,0.4341039788647693,0,0,0,0,Normal
200636,31,67526.71,2178.280967741936,4834.08,0.1680526964624011,-0.434522065559642,-1.200674353738829,0,0,0,0,Normal
200637,27,67071.38,2484.1251851851853,4359.67,-0.4921614662013082,-0.46071939083980384,-0.06873781233937165,0,0,0,0,Normal
200638,31,80827.69,2607.3448387096773,4790.3,0.1680526964624011,0.33074729864856967,0.3873009828647047,0,0,0,0,Normal
200639,24,63986.28,2666.095,4947.67,-0.9873220881990902,-0.6382200348163197,0.6047366922384401,0,0,0,0,Normal
200640,37,82208.57,2221.8532432432435,4270.5,1.158373940457965,0.41019596781789697,-1.0394123516510958,0,0,0,0,Normal
200641,33,89366.65,2708.0803030303027,4903.0,0.49815977779425574,0.8220347444006381,0.7601252724084989,0,0,0,0,Normal
200642,33,84556.84,2562.3284848484845,4801.77,0.49815977779425574,0.5453032373491051,0.22069441327831815,0,0,0,0,Normal
200643,34,84639.68,2489.402352941176,4832.42,0.663213318460183,0.5500694210536897,-0.049206892094952166,0,0,0,0,Normal
200644,21,57424.24,2734.487619047619,4669.31,-1.482482710196872,-1.0157657629287487,0.8578593613841382,0,0,0,0,Normal
200645,34,84201.36,2476.510588235294,4995.8,0.663213318460183,0.5248507629007012,-0.09691961223627504,0,0,0,0,Normal
200646,32,93491.58,2921.611875,4958.58,0.33310623712832843,1.0593618104140736,1.5504105721455053,0,0,0,0,Normal
200647,24,48682.74,2028.4475,4988.85,-0.9873220881990902,-1.5187063092062474,-1.755211492545988,0,0,0,0,Normal
200648,34,81111.3,2385.6264705882354,4875.4,0.663213318460183,0.3470647462639402,-0.4332838392847786,0,0,0,0,Normal
200649,26,69138.25,2659.1634615384614,4989.35,-0.6572150068672356,-0.34180241699268704,0.5790829076473126,0,0,0,0,Normal
200650,20,51142.39,2557.1195,4688.9,-1.6475362508627995,-1.3771908124778311,0.20141583955576578,0,0,0,0,Normal
200651,39,88943.82,2280.6107692307696,4920.17,1.4884810217898197,0.7977073004628118,-0.8219493853622196,0,0,0,0,Normal
200652,37,99825.91,2697.997567567568,4986.19,1.158373940457965,1.4238062868199477,0.7228088346385039,0,0,0,0,Normal
200653,27,75208.11,2785.4855555555555,4759.96,-0.4921614662013082,0.007425828071425339,1.0466039070612665,0,0,0,0,Normal
200654,39,105806.98,2712.999487179487,4925.48,1.4884810217898197,1.7679260160568013,0.7783312870223533,0,0,0,0,Normal
200655,37,90879.07,2456.1910810810814,4796.77,1.158373940457965,0.909051542547526,-0.1721225794310002,0,0,0,0,Normal
200656,62,163800.05,2641.9362903225806,4896.49,5.284712457106148,5.104546310755562,0.5153247474727828,1,1,0,2,Moderate Anomaly Signal
200657,39,101328.94,2598.1779487179488,4786.26,1.4884810217898197,1.5102828330959264,0.35337411042170386,0,0,0,0,Normal
200658,25,65265.95,2610.638,4926.24,-0.8222685475331628,-0.5645944638210757,0.39948904916983274,0,0,0,0,Normal
200659,21,45136.29,2149.347142857143,4908.22,-1.482482710196872,-1.7227506380223354,-1.3077591106236874,0,0,0,0,Normal
200660,37,96979.12,2621.0572972972973,4920.98,1.158373940457965,1.2600167635416404,0.43805111009453834,0,0,0,0,Normal
200661,31,85233.76,2749.476129032258,4980.25,0.1680526964624011,0.5842497012953574,0.9133321844264501,0,0,0,0,Normal
200662,31,77456.85,2498.608064516129,4960.42,0.1680526964624011,0.13680665791024763,-0.015136340072150424,0,0,0,0,Normal
200663,31,75546.23,2436.9751612903224,4826.67,0.1680526964624011,0.02687949820896987,-0.2432411442009788,0,0,0,0,Normal
200664,44,113956.6,2589.9227272727276,4924.11,2.3137487251194564,2.2368128586758065,0.322821344411262,1,1,0,2,Moderate Anomaly Signal
200665,28,82761.28,2955.7599999999998,4966.04,-0.3271079255353809,0.44199603294779827,1.6767935746783171,0,0,0,0,Normal
200666,42,101341.66,2412.8966666666665,4894.09,1.9836416437876017,1.511014675885911,-0.33235621119244074,0,0,0,0,Normal
200667,29,77530.85,2673.477586206897,4903.34,-0.16205438486945356,0.1410642338897174,0.6320598149951061,0,0,0,0,Normal
200668,28,81088.1,2896.003571428572,4780.98,-0.3271079255353809,0.3457299386595661,1.4556336467614952,0,0,0,0,Normal
200669,21,47325.27,2253.5842857142857,4687.2,-1.482482710196872,-1.5968080884609883,-0.9219750276110052,0,0,0,0,Normal
200670,26,65030.35,2501.1673076923075,4966.96,-0.6572150068672356,-0.5781496651827388,-0.0056645217273061646,0,0,0,0,Normal
200671,28,63552.07,2269.716785714286,4264.65,-0.3271079255353809,-0.6632022248980165,-0.8622682709922854,0,0,0,0,Normal
200672,31,88343.86,2849.801935483871,4864.21,0.1680526964624011,0.7631887155352076,1.2846403206969101,0,0,0,0,Normal
200673,33,90636.97,2746.5748484848486,4650.16,0.49815977779425574,0.8951223649173955,0.902594477838705,0,0,0,0,Normal
200674,24,58870.29,2452.92875,4883.48,-0.9873220881990902,-0.9325675501569615,-0.18419654241676237,0,0,0,0,Normal
200675,33,82805.05,2509.2439393939394,4699.77,0.49815977779425574,0.4445143316048443,0.024227279500548565,0,0,0,0,Normal
200676,36,94790.56,2633.071111111111,4551.35,0.9933203997920377,1.134098378600717,0.48251451362430603,0,0,0,0,Normal
200677,31,86345.57,2785.340967741936,4965.52,0.1680526964624011,0.6482174789944699,1.0460687842100145,0,0,0,0,Normal
200678,28,65329.81,2333.2075,4997.7,-0.3271079255353809,-0.5609202908204144,-0.6272876650474053,0,0,0,0,Normal
200679,32,73006.51,2281.4534375,4937.58,0.33310623712832843,-0.11924281079885368,-0.8188306505560057,0,0,0,0,Normal
200680,34,87490.03,2573.2361764705884,4423.29,0.663213318460183,0.7140637682574958,0.26106403292517977,0,0,0,0,Normal
200681,22,52003.590000000004,2363.7995454545458,4833.09,-1.3174291695309448,-1.3276418336464884,-0.5140657953791357,0,0,0,0,Normal
200682,23,58115.34,2526.753913043478,4672.91,-1.1523756288650175,-0.9760034553691332,0.08903209804034004,0,0,0,0,Normal
200683,39,91901.37,2356.4453846153847,4867.97,1.4884810217898197,0.9678693793557948,-0.5412837151906159,0,0,0,0,Normal
200684,26,48248.51,1855.711923076923,4558.83,-0.6572150068672356,-1.5436896499841546,-2.3945098685410424,0,0,0,0,Normal
200685,24,55890.659999999996,2328.7774999999997,4633.44,-0.9873220881990902,-1.1039999976665222,-0.6436831977807662,0,0,0,0,Normal
200686,29,77134.19,2659.799655172414,4972.62,-0.16205438486945356,0.1182424759435486,0.5814374750401401,0,0,0,0,Normal
200687,39,94182.49,2414.935641025641,4952.34,1.4884810217898197,1.099113186359688,-0.32480991980529705,0,0,0,0,Normal
200688,38,99284.45999999999,2612.748947368421,4779.38,1.3234274811238924,1.3926540636566511,0.4073017143340191,0,0,0,0,Normal
200689,33,91022.63,2758.261515151515,4982.91,0.49815977779425574,0.9173112399476971,0.9458471021902162,0,0,0,0,Normal
200690,34,67253.12,1978.0329411764706,4729.53,0.663213318460183,-0.4502630143734688,-1.941796943884378,0,0,0,0,Normal
200691,28,57996.93,2071.3189285714284,4081.99,-0.3271079255353809,-0.98281615228439,-1.5965433411986405,0,0,0,0,Normal
200692,31,84131.85,2713.9306451612906,4897.88,0.1680526964624011,0.5208515182205266,0.7817775243069109,0,0,0,0,Normal
200693,38,84018.86,2211.0226315789473,4923.76,1.3234274811238924,0.5143506599783603,-1.0794966965865982,0,0,0,0,Normal
200694,26,51119.3,1966.1269230769233,4367.84,-0.6572150068672356,-1.3785192912530466,-1.985861392975823,0,0,0,0,Normal
200695,34,80403.31,2364.8032352941177,4839.88,0.663213318460183,0.30633067575441564,-0.5103511160069364,0,0,0,0,Normal
200696,30,71453.44,2381.7813333333334,4949.41,0.002999155796473763,-0.20859839899392216,-0.4475147814353447,0,0,0,0,Normal
200697,28,70091.81,2503.2789285714284,4745.06,-0.3271079255353809,-0.286939523060482,0.0021506361155995924,0,0,0,0,Normal
200698,22,59007.68,2682.1672727272726,4895.02,-1.3174291695309448,-0.9246628425377811,0.6642205463241029,0,0,0,0,Normal
200699,19,57655.95,3034.523684210526,4968.32,-1.8125897915287268,-1.0024343719800604,1.9682997965008213,0,0,0,0,Normal
200700,27,78405.77,2903.9174074074076,4954.08,-0.4921614662013082,0.19140259032157786,1.4849229372439878,0,0,0,0,Normal
200701,26,56623.4,2177.8230769230768,4974.64,-0.6572150068672356,-1.0618419405962967,-1.2023690182780864,0,0,0,0,Normal
200702,41,120282.38,2933.716585365854,4952.93,1.8185881031216744,2.60076541245162,1.595210385922299,0,1,0,1,Low Anomaly Signal
200703,36,80621.68,2239.491111111111,4949.79,0.9933203997920377,0.3188945523305885,-0.9741341936433541,0,0,0,0,Normal
200704,32,77882.65000000001,2433.8328125000003,4925.67,0.33310623712832843,0.1613049802353589,-0.2548710499462067,0,0,0,0,Normal
200705,34,96287.27,2831.9785294117646,4927.19,0.663213318460183,1.2202113048741252,1.2186754814925793,0,0,0,0,Normal
200706,24,61595.68,2566.4866666666667,4589.92,-0.9873220881990902,-0.7757627528774063,0.2360839406172045,0,0,0,0,Normal
200707,28,61864.69,2209.4532142857142,4782.18,-0.3271079255353809,-0.760285313495823,-1.085305146384229,0,0,0,0,Normal
200708,38,99976.66,2630.964736842105,4940.65,1.3234274811238924,1.432479659507854,0.47471877360710724,0,0,0,0,Normal
200709,33,84963.41,2574.648787878788,4926.29,0.49815977779425574,0.5686951652676598,0.2662921405059144,0,0,0,0,Normal
200710,27,70949.52,2627.76,4813.63,-0.4921614662013082,-0.23759134071790045,0.46285796823542885,0,0,0,0,Normal
200711,32,73964.36,2311.38625,4799.0,0.33310623712832843,-0.06413309252945998,-0.7080486173403684,0,0,0,0,Normal
200712,27,58321.49,2160.055185185185,4949.43,-0.4921614662013082,-0.9641426541776779,-1.2681283976440898,0,0,0,0,Normal
200713,25,58910.14,2356.4056,4868.13,-0.8222685475331628,-0.9302747879572065,-0.5414309589747746,0,0,0,0,Normal
200714,28,72349.88,2583.924285714286,4866.68,-0.3271079255353809,-0.15702189343938322,0.3006209730973619,0,0,0,0,Normal
200715,23,47568.35,2068.1891304347823,4337.35,-1.1523756288650175,-1.5828225267165352,-1.608126796683559,0,0,0,0,Normal
200716,25,59437.55,2377.502,4670.64,-0.8222685475331628,-0.899930353533799,-0.46335269334135487,0,0,0,0,Normal
200717,27,73869.65,2735.912962962963,4951.72,-0.4921614662013082,-0.0695822144350763,0.8631345922690858,0,0,0,0,Normal
200718,30,76444.97,2548.1656666666668,4650.38,0.002999155796473763,0.07858833382773574,0.1682774947463506,0,0,0,0,Normal
200719,35,89986.27,2571.036285714286,4787.17,0.8282668591261104,0.8576844637033285,0.2529221862198135,0,0,0,0,Normal
200720,24,60811.44,2533.81,4809.38,-0.9873220881990902,-0.8208838526901002,0.11514683949972813,0,0,0,0,Normal
200721,28,63718.57,2275.6632142857143,4985.81,-0.3271079255353809,-0.6536226789442096,-0.8402604009495223,0,0,0,0,Normal
200722,36,82419.43000000001,2289.4286111111114,4954.94,0.9933203997920377,0.4223277579669645,-0.7893143480740177,0,0,0,0,Normal
200723,39,99950.53,2562.8341025641025,4942.55,1.4884810217898197,1.4309762749086166,0.22256571616928453,0,0,0,0,Normal
200724,31,79568.05,2566.7112903225807,4915.97,0.1680526964624011,0.25827414990830905,0.23691527797684894,0,0,0,0,Normal
200725,36,89685.17,2491.254722222222,4988.51,0.9933203997920377,0.8403607322517289,-0.04235123042866377,0,0,0,0,Normal
200726,26,65914.54,2535.174615384615,4318.42,-0.6572150068672356,-0.5272779610572341,0.12019731268413125,0,0,0,0,Normal
200727,25,63178.71,2527.1484,4762.55,-0.8222685475331628,-0.6846834217587575,0.0904921034147286,0,0,0,0,Normal
200728,24,48950.64,2039.61,4323.19,-0.9873220881990902,-1.5032927334643562,-1.7138988211834312,0,0,0,0,Normal
200729,37,100844.05,2725.514864864865,4849.27,1.158373940457965,1.4823847788163982,0.8246509900722353,0,0,0,0,Normal
200730,38,98279.66,2586.306842105263,4990.05,1.3234274811238924,1.3348430860327165,0.309438869552744,0,0,0,0,Normal
200731,26,62134.619999999995,2389.7930769230766,4895.74,-0.6572150068672356,-0.7447549420885493,-0.41786313261436947,0,0,0,0,Normal
200732,31,76395.73,2464.378387096774,4990.18,0.1680526964624011,0.07575531975707205,-0.1418211700002276,0,0,0,0,Normal
200733,24,61608.99,2567.0412499999998,4895.34,-0.9873220881990902,-0.7749969645492072,0.23813646639486552,0,0,0,0,Normal
200734,30,53017.32,1767.244,4965.7,0.002999155796473763,-1.2693170701644902,-2.721931703453017,0,0,0,0,Normal
200735,32,81225.95999999999,2538.3112499999997,4962.07,0.33310623712832843,0.35366168763969635,0.13180607013540135,0,0,0,0,Normal
200736,21,44042.04,2097.2400000000002,4232.49,-1.482482710196872,-1.7857081044484813,-1.5006088547221381,0,0,0,0,Normal
200737,24,57668.78,2402.8658333333333,4867.6,-0.9873220881990902,-1.001696200360917,-0.3694805579778903,0,0,0,0,Normal
200738,33,91991.38,2787.617575757576,4961.1,0.49815977779425574,0.9730480876519043,1.0544945632712919,0,0,0,0,Normal
200739,29,69648.89,2401.6858620689654,4941.89,-0.16205438486945356,-0.3124228413419244,-0.3738476589912914,0,0,0,0,Normal
200740,38,82039.31999999999,2158.9294736842103,4880.71,1.3234274811238924,0.40045820113512237,-1.272294682014869,0,0,0,0,Normal
200741,28,62774.92,2241.9614285714283,4917.68,-0.3271079255353809,-0.7079154029040291,-0.9649914914351322,0,0,0,0,Normal
200742,27,68727.25,2545.453703703704,4693.33,-0.4921614662013082,-0.3654492241219042,0.15824045692898792,0,0,0,0,Normal
200743,34,85522.2,2515.358823529412,4995.78,0.663213318460183,0.6008450420456042,0.0468586074923864,0,0,0,0,Normal
200744,37,94757.46,2561.0124324324324,4944.68,1.158373940457965,1.1321939763720628,0.21582367276676065,0,0,0,0,Normal
200745,32,72043.15,2251.3484375,4827.18,0.33310623712832843,-0.174669545874286,-0.930249953702235,0,0,0,0,Normal
200746,23,61039.17,2653.876956521739,4986.16,-1.1523756288650175,-0.807781450287335,0.5595174299843908,0,0,0,0,Normal
200747,31,71900.06,2319.3567741935485,4834.11,0.1680526964624011,-0.18290220191350642,-0.6785495224606031,0,0,0,0,Normal
200748,30,76790.36,2559.6786666666667,4984.67,0.002999155796473763,0.09846028203785813,0.21088737473713381,0,0,0,0,Normal
200749,26,64953.979999999996,2498.23,4850.21,-0.6572150068672356,-0.5825435986631728,-0.01653556561380216,0,0,0,0,Normal
200750,35,98732.2,2820.92,4793.55,0.8282668591261104,1.3608798891914897,1.1777476076881985,0,0,0,0,Normal
200751,28,87669.39,3131.0496428571428,4964.48,-0.3271079255353809,0.7243832118747621,2.325544607925096,0,0,1,1,Low Anomaly Signal
200752,30,66489.51,2216.317,4482.79,0.002999155796473763,-0.4941971710448594,-1.059902116281895,0,0,0,0,Normal
200753,33,87728.22,2658.430909090909,4954.64,0.49815977779425574,0.7277679847784406,0.5763717140507559,0,0,0,0,Normal
200754,33,91883.07,2784.335454545455,4712.46,0.49815977779425574,0.9668164923230346,1.0423473565516108,0,0,0,0,Normal
200755,39,100204.99,2569.358717948718,4978.0,1.4884810217898197,1.4456165827969396,0.24671346901602206,0,0,0,0,Normal
200756,36,96770.92,2688.081111111111,4758.89,0.9933203997920377,1.2480380159885918,0.6861077993268171,0,0,0,0,Normal
200757,21,46530.95,2215.7595238095237,4946.32,-1.482482710196872,-1.6425091391638587,-1.0619653485909295,0,0,0,0,Normal
200758,29,64936.25,2239.1810344827586,4955.92,-0.16205438486945356,-0.5835636908539293,-0.9752817944356794,0,0,0,0,Normal
200759,25,68677.18,2747.0872,4738.32,-0.8222685475331628,-0.3683299920853107,0.9044907026779034,0,0,0,0,Normal
200760,32,88462.82,2764.463125,4958.05,0.33310623712832843,0.7700330565962583,0.9687994040571154,0,0,0,0,Normal
200761,28,68248.2,2437.4357142857143,4586.12,-0.3271079255353809,-0.3930112751079177,-0.24153662688463673,0,0,0,0,Normal
200762,29,60777.74,2095.7841379310344,4667.42,-0.16205438486945356,-0.8228227758050752,-1.5059970340013675,0,0,0,0,Normal
200763,27,67750.6,2509.2814814814815,4490.91,-0.4921614662013082,-0.4216405968293247,0.024366223637156875,0,0,0,0,Normal
200764,27,70343.25,2605.3055555555557,4918.27,-0.4921614662013082,-0.27247297029997003,0.37975354861956,0,0,0,0,Normal
200765,26,66567.73,2560.2973076923076,4796.54,-0.6572150068672356,-0.4896967981649387,0.21317697951954814,0,0,0,0,Normal
200766,28,84908.1,3032.432142857143,4895.96,-0.3271079255353809,0.565512914897059,1.9605589534483232,0,0,0,0,Normal
200767,40,103841.97,2596.04925,4849.58,1.653534562455747,1.6548695380106142,0.34549574710125475,0,0,0,0,Normal
200768,31,81339.97,2623.87,4766.2,0.1680526964624011,0.360221231388607,0.4484609880248702,0,0,0,0,Normal
200769,29,73685.3,2540.8724137931035,4611.91,-0.16205438486945356,-0.0801887567569035,0.1412849967280264,0,0,0,0,Normal
200770,32,67412.93,2106.6540625,4748.51,0.33310623712832843,-0.44106837630213025,-1.465767191094003,0,0,0,0,Normal
200771,35,94142.87,2689.7962857142857,4982.08,0.8282668591261104,1.096833657166355,0.6924557003087077,0,0,0,0,Normal
200772,23,60869.31,2646.491739130435,4438.32,-1.1523756288650175,-0.8175543132045341,0.5321845691532158,0,0,0,0,Normal
200773,35,85877.06,2453.6302857142855,4948.42,0.8282668591261104,0.6212618449114777,-0.18160014246931583,0,0,0,0,Normal
200774,38,98178.54,2583.645789473684,4923.11,1.3234274811238924,1.329025165991581,0.29959025205246276,0,0,0,0,Normal
200775,41,89795.57,2190.1358536585367,4919.2,1.8185881031216744,0.8467125753346141,-1.1567991460422435,0,0,0,0,Normal
200776,24,72624.1,3026.004166666667,4874.08,-0.9873220881990902,-0.141244697694921,1.9367688645001957,0,0,0,0,Normal
200777,30,81090.56,2703.0186666666664,4842.31,0.002999155796473763,0.3458714742934777,0.741392038845437,0,0,0,0,Normal
200778,29,84887.09,2927.1410344827586,4876.08,-0.16205438486945356,0.5643041085277523,1.5708741196144749,0,0,0,0,Normal
200779,22,60661.74,2757.351818181818,4891.37,-1.3174291695309448,-0.8294968138269467,0.9424802926091539,0,0,0,0,Normal
200780,37,87255.19,2358.248378378378,4725.82,1.158373940457965,0.7005522933518382,-0.534610793461676,0,0,0,0,Normal
200781,34,77160.11,2269.415,4908.77,0.663213318460183,0.11973377823257358,-0.8633851869193812,0,0,0,0,Normal
200782,27,70814.58,2622.762222222222,4755.47,-0.4921614662013082,-0.2453550880512742,0.444361076779533,0,0,0,0,Normal
200783,23,60995.41,2651.974347826087,4503.04,-1.1523756288650175,-0.8102991735962751,0.5524758310795747,0,0,0,0,Normal
200784,28,70690.29000000001,2524.6532142857145,4926.52,-0.3271079255353809,-0.25250608965246707,0.0812573632218663,0,0,0,0,Normal
200785,33,98457.59,2983.563333333333,4851.12,0.49815977779425574,1.3450802548709195,1.7796943561147005,0,0,0,0,Normal
200786,35,83455.62,2384.4462857142858,4999.47,0.8282668591261104,0.48194475329354175,-0.43765173087219567,0,0,0,0,Normal
200787,35,105418.51,3011.9574285714284,4867.14,0.8282668591261104,1.7455754682089009,1.8847815610605982,0,0,0,0,Normal
200788,35,68588.67,1959.6762857142858,4945.74,0.8282668591261104,-0.37342239816561945,-2.0097353514476417,0,0,0,0,Normal
200789,28,57983.98,2070.8564285714288,4688.84,-0.3271079255353809,-0.983561228080797,-1.5982550644241875,0,0,0,0,Normal
200790,28,66771.45999999999,2384.6949999999997,4659.44,-0.3271079255353809,-0.4779752312149744,-0.4367312335329908,0,0,0,0,Normal
200791,36,79698.45,2213.8458333333333,4470.52,0.9933203997920377,0.2657766892018608,-1.0690479614225092,0,0,0,0,Normal
200792,23,65588.91,2851.691739130435,4736.33,-1.1523756288650175,-0.5460130214112165,1.2916345278180978,0,0,0,0,Normal
200793,34,84191.53,2476.221470588235,4794.69,0.663213318460183,0.524285195713158,-0.09798964335278659,0,0,0,0,Normal
200794,30,71041.05,2368.0350000000003,4945.19,0.002999155796473763,-0.23232517950978068,-0.4983902798846305,0,0,0,0,Normal
200795,31,90147.41,2907.9809677419357,4987.08,0.1680526964624011,0.8669556230726766,1.4999622682775628,0,0,0,0,Normal
200796,45,114053.84999999999,2534.5299999999997,4961.18,2.4788022657853834,2.242408119000176,0.11781157619679715,1,1,0,2,Moderate Anomaly Signal
200797,31,88096.61,2841.826129032258,4980.31,0.1680526964624011,0.7489632336308307,1.25512167605755,0,0,0,0,Normal
200798,25,60055.0,2402.2,4822.01,-0.8222685475331628,-0.8644054847699667,-0.3719448225854819,0,0,0,0,Normal
200799,30,82398.20999999999,2746.6069999999995,4906.22,0.002999155796473763,0.42110686928744534,0.902713471341884,0,0,0,0,Normal
200800,30,84018.45999999999,2800.615333333333,4998.27,0.002999155796473763,0.5143276460541464,1.1025995654820369,0,0,0,0,Normal
200801,35,92772.52,2650.6434285714286,4699.73,0.8282668591261104,1.0179908295519449,0.5475500680535673,0,0,0,0,Normal
200802,26,69321.95,2666.228846153846,4878.6,-0.6572150068672356,-0.3312332722977062,0.6052320599577673,0,0,0,0,Normal
200803,24,62507.9,2604.4958333333334,4866.87,-0.9873220881990902,-0.7232783480126508,0.3767567478973537,0,0,0,0,Normal
200804,30,68546.15,2284.8716666666664,4927.69,0.002999155796473763,-0.3758687783094988,-0.8061797051401575,0,0,0,0,Normal
200805,27,62070.97,2298.924814814815,4644.95,-0.4921614662013082,-0.7484170327789984,-0.7541686779460892,0,0,0,0,Normal
200806,31,74460.35,2401.9467741935487,4840.26,0.1680526964624011,-0.035596401853010946,-0.372882017167559,0,0,0,0,Normal
200807,44,128242.47,2914.601590909091,4853.83,2.3137487251194564,3.058747682430234,1.5244653481539368,1,1,0,2,Moderate Anomaly Signal
200808,35,78128.97,2232.2562857142857,4804.69,0.8282668591261104,0.17547695476593944,-1.000910450215316,0,0,0,0,Normal
200809,33,75659.03,2292.697878787879,4930.82,0.49815977779425574,0.03336942483713475,-0.7772147125867591,0,0,0,0,Normal
200810,33,75031.79,2273.6906060606057,4915.62,0.49815977779425574,-0.002718709721819765,-0.8475610697361731,0,0,0,0,Normal
200811,39,81924.36,2100.6246153846155,4692.51,1.4884810217898197,0.39384399931620606,-1.488082314693178,0,0,0,0,Normal
200812,33,102716.59,3112.6239393939395,4855.33,0.49815977779425574,1.590121012932564,2.257350652108814,0,0,1,1,Low Anomaly Signal
200813,23,53452.840000000004,2324.0365217391304,3931.86,-1.1523756288650175,-1.2442595094809943,-0.6612296682693055,0,0,0,0,Normal
200814,50,128857.51,2577.1502,4965.25,3.3040699691150204,3.0941338923006807,0.2755499247752045,1,1,0,2,Moderate Anomaly Signal
200815,35,68974.66,1970.7045714285716,4850.08,0.8282668591261104,-0.3512145366478417,-1.9689194102689922,0,0,0,0,Normal
200816,23,65837.69,2862.508260869565,4950.86,-1.1523756288650175,-0.5316995112467235,1.3316667256138104,0,0,0,0,Normal
200817,38,111085.75,2923.309210526316,4988.86,1.3234274811238924,2.071639047856066,1.5566924502902468,0,1,0,1,Low Anomaly Signal
200818,29,69420.43,2393.8079310344824,4957.14,-0.16205438486945356,-0.32556724415637966,-0.40300406444208536,0,0,0,0,Normal
200819,28,60467.729999999996,2159.5617857142856,4866.07,-0.3271079255353809,-0.840659142418527,-1.2699544805280072,0,0,0,0,Normal
200820,33,65681.0,1990.3333333333333,4748.45,0.49815977779425574,-0.5407146407091982,-1.8962729072611266,0,0,0,0,Normal
200821,20,44601.49,2230.0744999999997,4570.6,-1.6475362508627995,-1.7535202546955846,-1.0089852897403166,0,0,0,0,Normal
200822,26,67045.14,2578.659230769231,4881.85,-0.6572150068672356,-0.4622291042681999,0.28113488264711656,0,0,0,0,Normal
200823,33,83977.18,2544.76303030303,4877.89,0.49815977779425574,0.5119526090753287,0.15568425865611904,0,0,0,0,Normal
200824,27,65893.4,2440.496296296296,4600.83,-0.4921614662013082,-0.5284942469519097,-0.23020934188743078,0,0,0,0,Normal
200825,33,87120.47,2640.0142424242426,4943.79,0.49815977779425574,0.6928012036767819,0.5082112036280231,0,0,0,0,Normal
200826,20,49660.25,2483.0125,4995.19,-1.6475362508627995,-1.4624654565617679,-0.07285588601332936,0,0,0,0,Normal
200827,28,70494.46,2517.659285714286,4767.36,-0.3271079255353809,-0.263773131599218,0.05537267138718522,0,0,0,0,Normal
200828,26,60970.3,2345.0115384615387,4904.16,-0.6572150068672356,-0.8117438726887682,-0.5836006449611759,0,0,0,0,Normal
200829,25,63941.61,2557.6644,4896.58,-0.8222685475331628,-0.6407901148028455,0.20343252709220214,0,0,0,0,Normal
200830,39,101112.53,2592.628974358974,4999.37,1.4884810217898197,1.4978317247483985,0.3328372276363443,0,0,0,0,Normal
200831,31,80119.8,2584.509677419355,4797.48,0.1680526964624011,0.29001898162009876,0.30278752137327525,0,0,0,0,Normal
200832,25,57006.53,2280.2612,4637.0,-0.8222685475331628,-1.0397986286366447,-0.8232431491919396,0,0,0,0,Normal
200833,24,60956.21,2539.8420833333334,4882.7,-0.9873220881990902,-0.8125545381691838,0.13747171980266792,0,0,0,0,Normal
200834,25,68235.86,2729.4344,4985.48,-0.8222685475331628,-0.3937212546698994,0.8391572805028582,0,0,0,0,Normal
200835,32,75550.46,2360.951875,4700.12,0.33310623712832843,0.02712287045752665,-0.5246050897699535,0,0,0,0,Normal
200836,33,72725.16,2203.7927272727275,4984.88,0.49815977779425574,-0.13543022974241828,-1.1062547400881075,0,0,0,0,Normal
200837,21,43063.37,2050.6366666666668,4763.02,-1.482482710196872,-1.8420156974731794,-1.6730888721375659,0,0,0,0,Normal
200838,30,61897.34,2063.2446666666665,4885.25,0.002999155796473763,-0.7584068019319086,-1.6264263717533232,0,0,0,0,Normal
200839,41,105973.34,2584.7156097560974,4990.54,1.8185881031216744,1.7774975071371335,0.3035496817272074,0,0,0,0,Normal
200840,24,50925.47,2121.8945833333332,4790.21,-0.9873220881990902,-1.389671263578731,-1.409361670056448,0,0,0,0,Normal
200841,33,92484.91,2802.5730303030305,4953.47,0.49815977779425574,1.0014432426944408,1.1098450473666128,0,0,0,0,Normal
200842,38,100894.11,2655.108157894737,4979.17,1.3234274811238924,1.4852649714316988,0.5640741348178773,0,0,0,0,Normal
200843,23,59682.77,2594.9030434782608,4888.83,-1.1523756288650175,-0.885821667294805,0.3412536101833391,0,0,0,0,Normal
200844,45,106107.91,2357.953555555556,4907.76,2.4788022657853834,1.7852399665906102,-0.5357019395659934,1,0,0,1,Low Anomaly Signal
200845,27,69792.75,2584.9166666666665,4996.26,-0.4921614662013082,-0.304145883498593,0.30429379801580897,0,0,0,0,Normal
200846,33,80966.07,2453.517272727273,4873.93,0.49815977779425574,0.33870896573017834,-0.1820184061550628,0,0,0,0,Normal
200847,28,74662.41,2666.514642857143,4768.75,-0.3271079255353809,-0.0239709180366373,0.6062898001844018,0,0,0,0,Normal
200848,32,79987.11,2499.5971875,4836.13,0.33310623712832843,0.28238468761042507,-0.011475572970711799,0,0,0,0,Normal
200849,22,53214.2,2418.8272727272724,4971.65,-1.3174291695309448,-1.2579896166666795,-0.3104069006291618,0,0,0,0,Normal
200850,37,86790.3,2345.683783783784,4933.28,1.158373940457965,0.6738049352829776,-0.5811126494339259,0,0,0,0,Normal
200851,29,69985.88,2413.306206896552,4948.66,-0.16205438486945356,-0.29303418554028204,-0.3308404933042437,0,0,0,0,Normal
200852,36,79988.74,2221.9094444444445,4825.47,0.9933203997920377,0.28247846935159476,-1.039204349702124,0,0,0,0,Normal
200853,27,72225.29000000001,2675.010740740741,4967.67,-0.4921614662013082,-0.16419015548373622,0.637734055479291,0,0,0,0,Normal
200854,27,70020.92,2593.3674074074074,4393.82,-0.4921614662013082,-0.2910181657791929,0.33557018547313505,0,0,0,0,Normal
200855,27,64423.020000000004,2386.037777777778,4887.74,-0.4921614662013082,-0.6130922816639732,-0.43176158183791347,0,0,0,0,Normal
200856,27,67016.45999999999,2482.091111111111,4525.45,-0.4921614662013082,-0.46387920263429755,-0.07626596765846087,0,0,0,0,Normal
200857,35,95408.61,2725.960285714286,4740.08,0.8282668591261104,1.1696577682508695,0.826299502965418,0,0,0,0,Normal
200858,25,56837.770000000004,2273.5108,4984.51,-0.8222685475331628,-1.049508203262257,-0.8482265361362444,0,0,0,0,Normal
200859,20,53650.62,2682.531,4933.7,-1.6475362508627995,-1.2328802746537035,0.6655667093954386,0,0,0,0,Normal
200860,27,70157.45,2598.424074074074,4766.99,-0.4921614662013082,-0.28316293809707127,0.3542850260724619,0,0,0,0,Normal
200861,21,47986.88,2285.0895238095236,4675.13,-1.482482710196872,-1.558742482464002,-0.8053734108022544,0,0,0,0,Normal
200862,35,77205.83,2205.880857142857,4606.22,0.8282668591261104,0.12236426977015957,-1.0985265230142436,0,0,0,0,Normal
200863,26,52843.51,2032.4426923076924,4607.08,-0.6572150068672356,-1.279317195583296,-1.7404251931652122,0,0,0,0,Normal
200864,31,78690.05,2538.3887096774192,4937.29,0.1680526964624011,0.20775858626000568,0.1320927501978498,0,0,0,0,Normal
200865,33,74289.73,2251.2039393939394,4612.51,0.49815977779425574,-0.045412991226215976,-0.9307847445437297,0,0,0,0,Normal
200866,30,86125.12,2870.8373333333334,4932.11,0.002999155796473763,0.6355339300123867,1.3624928159565273,0,0,0,0,Normal
200867,33,92004.4,2788.012121212121,4841.44,0.49815977779425574,0.9737971908850483,1.0559547851482203,0,0,0,0,Normal
200868,27,70571.1,2613.7444444444445,4801.88,-0.4921614662013082,-0.2593636637199402,0.41098607209833277,0,0,0,0,Normal
200869,23,53725.99,2335.912608695652,4952.6,-1.1523756288650175,-1.2285438759838032,-0.6172759950323126,0,0,0,0,Normal
200870,45,106133.17,2358.514888888889,4835.78,2.4788022657853834,1.786693295904683,-0.5336244318817974,1,0,0,1,Low Anomaly Signal
200871,49,122953.25,2509.25,4976.19,3.139016428449093,2.7544334118608953,0.024249709944126573,1,1,0,2,Moderate Anomaly Signal
200872,25,56865.91,2274.6364000000003,4488.3,-0.8222685475331628,-1.0478891736938478,-0.8440606644331576,0,0,0,0,Normal
200873,36,97963.25,2721.2013888888887,4959.71,0.9933203997920377,1.316638496631851,0.8086867154540226,0,0,0,0,Normal
200874,26,67764.81,2606.338846153846,4962.81,-0.6572150068672356,-0.42082302717164594,0.38357778108622914,0,0,0,0,Normal
200875,37,102688.11,2775.3543243243244,4943.39,1.158373940457965,1.5884824215285738,1.0091079853274318,0,0,0,0,Normal
200876,37,96846.2,2617.464864864865,4961.45,1.158373940457965,1.252369236525544,0.4247554343522521,0,0,0,0,Normal
200877,32,98297.88,3071.80875,4899.51,0.33310623712832843,1.3358913702806345,2.10629268964231,0,0,1,1,Low Anomaly Signal
200878,23,52627.97,2288.1726086956523,4863.2,-1.1523756288650175,-1.2917182486456598,-0.7939628421407983,0,0,0,0,Normal
200879,34,78781.91,2317.1150000000002,4929.88,0.663213318460183,0.21304373395560153,-0.6868463807385087,0,0,0,0,Normal
200880,35,104802.89,2994.368285714286,4950.34,0.8282668591261104,1.7101558881483447,1.8196837354475004,0,0,0,0,Normal
200881,21,51953.57,2473.979523809524,4876.32,-1.482482710196872,-1.3305197248693679,-0.10628714037238282,0,0,0,0,Normal
200882,33,83113.29,2518.584545454545,4915.7,0.49815977779425574,0.4622488616036513,0.05879707914300459,0,0,0,0,Normal
200883,31,82620.85,2665.1887096774194,4905.7,0.1680526964624011,0.4339164195045968,0.6013824907373579,0,0,0,0,Normal
200884,26,73004.73,2807.8742307692305,4710.61,-0.6572150068672356,-0.11934522276160302,1.1294649132288441,0,0,0,0,Normal
200885,25,56305.68,2252.2272,4897.46,-0.8222685475331628,-1.0801219005989606,-0.9269976333109035,0,0,0,0,Normal
200886,23,55628.49,2418.63,4958.32,-1.1523756288650175,-1.119083898944057,-0.31113701156762513,0,0,0,0,Normal
200887,30,77131.08,2571.036,4973.65,0.002999155796473763,0.11806354268278978,0.2529211287846158,0,0,0,0,Normal
200888,24,61821.48,2575.895,4673.44,-0.9873220881990902,-0.76277139265897,0.270904400466646,0,0,0,0,Normal
200889,24,61679.4,2569.975,4976.48,-0.9873220881990902,-0.7709459385395521,0.24899434317962774,0,0,0,0,Normal
200890,32,76271.20999999999,2383.4753124999997,4246.22,0.33310623712832843,0.06859108514945593,-0.4412453252555008,0,0,0,0,Normal
200891,20,54240.74,2712.037,4546.28,-1.6475362508627995,-1.1989278322617485,0.7747690996506329,0,0,0,0,Normal
200892,28,82477.98,2945.6421428571425,4844.37,-0.3271079255353809,0.42569642112369294,1.6393471507557045,0,0,0,0,Normal
200893,27,61117.13,2263.5974074074074,4961.36,-0.4921614662013082,-0.8032960364581531,-0.884916232016718,0,0,0,0,Normal
200894,32,66782.17,2086.9428125,4850.38,0.33310623712832843,-0.47735903339416164,-1.538718984455275,0,0,0,0,Normal
200895,31,83703.4,2700.1096774193547,4899.76,0.1680526964624011,0.49620072864750137,0.7306258021805861,0,0,0,0,Normal
200896,29,64940.33,2239.321724137931,4941.1,-0.16205438486945356,-0.5833289488269531,-0.97476109875924,0,0,0,0,Normal
200897,27,66176.18000000001,2450.9696296296297,4480.35,-0.4921614662013082,-0.5122245532292811,-0.19144729234023836,0,0,0,0,Normal
200898,26,57916.26,2227.5484615384617,4793.31,-0.6572150068672356,-0.9874574854501172,-1.0183342166662472,0,0,0,0,Normal
200899,39,95501.12,2448.7466666666664,4989.99,1.4884810217898197,1.174980313573312,-0.19967452981750936,0,0,0,0,Normal
200900,32,70805.62,2212.675625,4996.93,0.33310623712832843,-0.24587059995365362,-1.073378929601746,0,0,0,0,Normal
200901,26,59923.520000000004,2304.7507692307695,4857.06,-0.6572150068672356,-0.8719701616588946,-0.7326066855465756,0,0,0,0,Normal
200902,16,39940.58,2496.28625,4740.03,-2.3077504135265086,-2.021684828458698,-0.023729429440092577,0,0,0,0,Normal
200903,30,82349.19,2744.973,4991.57,0.002999155796473763,0.4182865128750999,0.8966659994488134,0,0,0,0,Normal
200904,23,64206.57,2791.59,4870.26,-1.1523756288650175,-0.6255456914039225,1.06919659751451,0,0,0,0,Normal
200905,27,70530.25,2612.2314814814813,4458.27,-0.4921614662013082,-0.26171396073022885,0.4053865610862279,0,0,0,0,Normal
200906,23,50799.24,2208.662608695652,4736.89,-1.1523756288650175,-1.396933882712359,-1.0882311960074886,0,0,0,0,Normal
200907,33,80156.46,2428.9836363636364,4899.2,0.49815977779425574,0.29212820777425247,-0.27281796328110086,0,0,0,0,Normal
200908,32,76608.65,2394.0203125,4973.44,0.33310623712832843,0.08800563161583817,-0.4022180357129997,0,0,0,0,Normal
200909,28,67940.44,2426.444285714286,4923.32,-0.3271079255353809,-0.410718188397669,-0.28221615892284035,0,0,0,0,Normal
200910,19,51932.04,2733.265263157895,4961.32,-1.8125897915287268,-1.3317584493401515,0.8533353938893787,0,0,0,0,Normal
200911,22,48480.25,2203.6477272727275,4940.54,-1.3174291695309448,-1.5303565329911504,-1.106791388450712,0,0,0,0,Normal
200912,40,101893.42,2547.3355,4874.72,1.653534562455747,1.542760082945806,0.16520502866114137,0,0,0,0,Normal
200913,25,68934.3,2757.3720000000003,4907.04,-0.8222685475331628,-0.35353664160096876,0.9425549859862702,0,0,0,0,Normal
200914,28,71507.99,2553.8567857142857,4693.24,-0.3271079255353809,-0.20545987507932637,0.18934045832077126,0,0,0,0,Normal
200915,26,61316.06,2358.31,4962.94,-0.6572150068672356,-0.7918506365987488,-0.5343827304110255,0,0,0,0,Normal
200916,29,68479.2,2361.351724137931,4963.05,-0.16205438486945356,-0.3797207338747081,-0.5231252388378207,0,0,0,0,Normal
200917,29,84621.11,2917.9693103448276,4958.48,-0.16205438486945356,0.5490009996220854,1.536929355884273,0,0,0,0,Normal
200918,30,70966.39,2365.546333333333,4966.25,0.002999155796473763,-0.23662072846420268,-0.5076008929310778,0,0,0,0,Normal
200919,32,91090.75,2846.5859375,4744.17,0.33310623712832843,0.9212305112412305,1.2727378375784049,0,0,0,0,Normal
200920,35,97949.5,2798.557142857143,4977.79,0.8282668591261104,1.3158473929870171,1.0949821547994485,0,0,0,0,Normal
200921,23,62810.700000000004,2730.9,4867.13,-1.1523756288650175,-0.7058568073831446,0.8445815000906712,0,0,0,0,Normal
200922,23,63139.59,2745.199565217391,4696.33,-1.1523756288650175,-0.6869341835468233,0.8975045225725098,0,0,0,0,Normal
200923,37,83490.26,2256.4935135135133,4781.09,1.158373940457965,0.4839377591304178,-0.9112079080599811,0,0,0,0,Normal
200924,27,59267.09,2195.0774074074075,4750.3,-0.4921614662013082,-0.9097377373373184,-1.1385103410211899,0,0,0,0,Normal
200925,39,105490.13,2704.8751282051285,4844.28,1.4884810217898197,1.749696111339302,0.7482628460513239,0,0,0,0,Normal
200926,30,73362.08,2445.402666666667,4369.15,0.002999155796473763,-0.09878515821750108,-0.21205075136612075,0,0,0,0,Normal
200927,32,86692.2,2709.13125,4781.13,0.33310623712832843,0.6681607703696532,0.7640148515152021,0,0,0,0,Normal
200928,31,81733.27,2636.5570967741937,4928.03,0.1680526964624011,0.38284967237138356,0.49541622740468916,0,0,0,0,Normal
200929,28,58344.51,2083.7325,4540.78,-0.3271079255353809,-0.9628182028391994,-1.5506004254661243,0,0,0,0,Normal
200930,31,69388.8,2238.3483870967743,4997.16,0.1680526964624011,-0.32738707021354974,-0.9783634417206121,0,0,0,0,Normal
200931,33,81325.51,2464.409393939394,4556.35,0.49815977779425574,0.359389278028294,-0.14170641295663172,0,0,0,0,Normal
200932,31,86796.45,2799.8854838709676,4574.53,0.1680526964624011,0.6741587743677575,1.0998983756963394,0,0,0,0,Normal
200933,27,70521.98,2611.925185185185,4678.69,-0.4921614662013082,-0.2621897736133401,0.40425295139050943,0,0,0,0,Normal
200934,32,78630.91,2457.2159375,4796.28,0.33310623712832843,0.20435597756506188,-0.16832956205777772,0,0,0,0,Normal
200935,24,65332.46,2722.1858333333334,4891.78,-0.9873220881990902,-0.5607678235725009,0.8123301671725481,0,0,0,0,Normal
200936,25,64008.11,2560.3244,4991.23,-0.8222685475331628,-0.6369640499023761,0.21327724877859822,0,0,0,0,Normal
200937,27,72218.89,2674.7737037037036,4824.37,-0.4921614662013082,-0.16455837827115033,0.6368567759082384,0,0,0,0,Normal
200938,25,55232.240000000005,2209.2896,4904.51,-0.8222685475331628,-1.1418820676179067,-1.0859106866499337,0,0,0,0,Normal
200939,30,85633.31,2854.4436666666666,4757.91,0.002999155796473763,0.6072377348439676,1.3018194754479213,0,0,0,0,Normal
200940,30,76199.72,2539.9906666666666,4968.81,0.002999155796473763,0.06447792154442548,0.13802163016503705,0,0,0,0,Normal
200941,21,57386.89,2732.7090476190474,4714.19,-1.482482710196872,-1.0179146881021701,0.8512768272812574,0,0,0,0,Normal
200942,32,74069.2,2314.6625,4705.24,0.33310623712832843,-0.058101142993141126,-0.6959231401129038,0,0,0,0,Normal
200943,31,87913.31999999999,2835.9135483870964,4901.41,0.1680526964624011,0.7384176782081678,1.2332390779748466,0,0,0,0,Normal
200944,30,62768.8,2092.2933333333335,4564.31,0.002999155796473763,-0.7082675159444931,-1.5189165827705249,0,0,0,0,Normal
200945,20,65953.7,3297.685,4849.88,-1.6475362508627995,-0.525024897876747,2.942265929047175,0,0,1,1,Low Anomaly Signal
200946,33,83649.03,2534.819090909091,4522.31,0.49815977779425574,0.49307256099880203,0.1188815083554698,0,0,0,0,Normal
200947,32,82315.41,2572.3565625,4862.59,0.33310623712832843,0.41634298697528255,0.2578085612214551,0,0,0,0,Normal
200948,26,66681.32,2564.666153846154,4773.68,-0.6572150068672356,-0.483161419036452,0.2293461804501126,0,0,0,0,Normal
200949,34,77147.59,2269.046764705882,4909.33,0.663213318460183,0.1190134424046955,-0.8647480342824255,0,0,0,0,Normal
200950,37,110649.3,2990.5216216216218,4945.84,1.158373940457965,2.0465279797987748,1.8054471424349694,0,1,0,1,Low Anomaly Signal
200951,23,58616.96,2548.5634782608695,4915.76,-1.1523756288650175,-0.9471428437093815,0.16974980468189477,0,0,0,0,Normal
200952,28,71457.35,2552.0482142857145,4909.03,-0.3271079255353809,-0.20837343788473645,0.18264689352218016,0,0,0,0,Normal
200953,19,49795.69,2620.8257894736844,4596.72,-1.8125897915287268,-1.4546729418231272,0.43719429427059386,0,0,0,0,Normal
200954,35,87430.97,2498.0277142857144,4927.12,0.8282668591261104,0.7106657623473949,-0.0172842297334547,0,0,0,0,Normal
200955,24,68666.54,2861.105833333333,4962.4,-0.9873220881990902,-0.36894216246938577,1.3264763087793952,0,0,0,0,Normal
200956,19,38275.770000000004,2014.514210526316,4705.52,-1.8125897915287268,-2.1174693563827662,-1.8067789200062958,0,0,0,0,Normal
200957,34,77061.93,2266.527352941176,4693.32,0.663213318460183,0.11408501053440638,-0.8740724356497055,0,0,0,0,Normal
200958,33,75065.04,2274.6981818181816,4872.48,0.49815977779425574,-0.0008056772715850421,-0.843832008491325,0,0,0,0,Normal
200959,37,102330.05,2765.677027027027,4888.96,1.158373940457965,1.5678815072689938,0.973292083609985,0,0,0,0,Normal
200960,19,40568.52,2135.1852631578945,4414.59,-1.8125897915287268,-1.9855564195323707,-1.360172555809902,0,0,0,0,Normal
200961,22,67134.16,3051.552727272727,4970.69,-1.3174291695309448,-0.4571073554345186,2.031324679783917,0,0,1,1,Low Anomaly Signal
200962,34,81735.48,2403.984705882353,4875.14,0.663213318460183,0.3829768243026619,-0.3653395847268949,0,0,0,0,Normal
200963,35,62202.77,1777.222,4748.32,0.8282668591261104,-0.7408339447506997,-2.6850028940594584,0,0,0,0,Normal
200964,35,86976.83,2485.052285714286,4889.17,0.8282668591261104,0.684536903491768,-0.06530659178136135,0,0,0,0,Normal
200965,25,63603.25,2544.13,4838.08,-0.8222685475331628,-0.6602575932949184,0.15334139882439526,0,0,0,0,Normal
200966,24,54174.57,2257.27375,4890.55,-0.9873220881990902,-1.2027349106747418,-0.9083202347295181,0,0,0,0,Normal
200967,35,72868.95,2081.97,4841.66,0.8282668591261104,-0.12715729933582462,-1.5571234788391608,0,0,0,0,Normal
200968,25,57333.54,2293.3416,4884.76,-0.8222685475331628,-1.0209841702441258,-0.7748322854525619,0,0,0,0,Normal
200969,27,76040.14,2816.3014814814815,4923.11,-0.4921614662013082,0.05529651647950938,1.1606543635459863,0,0,0,0,Normal
200970,35,94608.63,2703.1037142857144,4796.8,0.8282668591261104,1.1236310705203805,0.7417068020558201,0,0,0,0,Normal
200971,25,53402.19,2136.0876000000003,4780.24,-0.8222685475331628,-1.2471736476345099,-1.356832986231739,0,0,0,0,Normal
200972,24,55919.15,2329.9645833333334,4792.13,-0.9873220881990902,-1.1023608309144262,-0.6392897748351909,0,0,0,0,Normal
200973,26,56146.91,2159.4965384615384,4493.58,-0.6572150068672356,-1.0892567024673445,-1.270195962123533,0,0,0,0,Normal
200974,32,77916.17,2434.8803125,4793.9,0.33310623712832843,0.16323354708443705,-0.2509942281542904,0,0,0,0,Normal
200975,35,89087.77,2545.364857142857,4956.35,0.8282668591261104,0.8059894364390909,0.15791163374690875,0,0,0,0,Normal
200976,38,96550.97,2540.815,4995.96,1.3234274811238924,1.235383234411776,0.14107250694830306,0,0,0,0,Normal
200977,29,90932.1,3135.589655172414,4890.81,-0.16205438486945356,0.9121026135501108,2.3423472987885017,0,0,1,1,Low Anomaly Signal
200978,22,54620.9,2482.768181818182,4985.84,-1.3174291695309448,-1.1770553986893804,-0.07376011327006801,0,0,0,0,Normal
200979,26,56971.32,2191.2046153846154,4714.57,-0.6572150068672356,-1.041824429315525,-1.1528436341090413,0,0,0,0,Normal
200980,26,62522.97,2404.7296153846155,4571.62,-0.6572150068672356,-0.7224112984179127,-0.36258265738429074,0,0,0,0,Normal
200981,27,72849.14,2698.1162962962962,4882.04,-0.4921614662013082,-0.12829706393249066,0.7232482524168915,0,0,0,0,Normal
200982,29,77207.61,2662.331379310345,4466.21,-0.16205438486945356,0.12246668173290891,0.590807444786253,0,0,0,0,Normal
200983,28,69043.6,2465.842857142857,4887.72,-0.3271079255353809,-0.3472480868096707,-0.13640113239806506,0,0,0,0,Normal
200984,43,116109.31,2700.216511627907,4915.08,2.148695184453529,2.360668620659108,0.7310211980639635,1,1,0,2,Moderate Anomaly Signal
200985,20,39475.37,1973.7685000000001,4991.25,-1.6475362508627995,-2.048450597666929,-1.9575797395724839,0,0,0,0,Normal
200986,40,100067.20999999999,2501.68025,4961.65,1.653534562455747,1.4376894366016504,-0.0037661103512124593,0,0,0,0,Normal
200987,26,60785.84,2337.916923076923,4884.48,-0.6572150068672356,-0.822356743839755,-0.6098579810264276,0,0,0,0,Normal
200988,32,78893.02,2465.406875,4842.75,0.33310623712832843,0.21943642675396488,-0.13801471241936816,0,0,0,0,Normal
200989,31,84215.12,2716.6167741935483,4816.73,0.1680526964624011,0.5256424418936402,0.7917189501476353,0,0,0,0,Normal
200990,35,68510.03,1957.4294285714286,4790.47,0.8282668591261104,-0.37794693566596405,-2.018051021838815,0,0,0,0,Normal
200991,35,90923.04000000001,2597.801142857143,4772.04,0.8282668591261104,0.9115813481666786,0.3519795431925929,0,0,0,0,Normal
200992,29,74549.55,2570.6741379310347,4828.75,-0.16205438486945356,-0.03046429675343405,0.25158186887565803,0,0,0,0,Normal
200993,28,71114.56,2539.805714285714,4957.87,-0.3271079255353809,-0.2280957955874726,0.13733711711401725,0,0,0,0,Normal
200994,20,51859.45,2592.9725,4831.36,-1.6475362508627995,-1.3359349012367694,0.33410862400026886,0,0,0,0,Normal
200995,40,88628.7,2215.7174999999997,4573.37,1.653534562455747,0.779576930967534,-1.0621208796845256,0,0,0,0,Normal
200996,31,84088.86,2712.543870967742,4898.92,0.1680526964624011,0.5183780967156965,0.776645040856774,0,0,0,0,Normal
200997,27,55656.51,2061.3522222222223,4432.66,-0.4921614662013082,-1.1174717735529118,-1.6334303525287068,0,0,0,0,Normal
200998,28,68495.84,2446.2799999999997,4855.81,-0.3271079255353809,-0.37876335462743277,-0.208803720353767,0,0,0,0,Normal
200999,32,87904.85,2747.0265625,4900.79,0.33310623712832843,0.737930358362951,0.904266281884198,0,0,0,0,Normal
201000,25,60956.77,2438.2708,4823.21,-0.8222685475331628,-0.8125223186752851,-0.2384459552901156,0,0,0,0,Normal
201001,34,80284.32,2361.303529411765,4448.32,0.663213318460183,0.29948460864904985,-0.5233036086370147,0,0,0,0,Normal
201002,24,62400.86,2600.0358333333334,4894.17,-0.9873220881990902,-0.7294368741321433,0.36025018446828255,0,0,0,0,Normal
201003,28,71846.78,2565.9564285714287,4828.09,-0.3271079255353809,-0.18596765661872458,0.2341215171303085,0,0,0,0,Normal
201004,39,121142.59,3106.2202564102563,4913.96,1.4884810217898197,2.6502574318205343,2.233650472882395,0,1,1,2,Moderate Anomaly Signal
201005,23,60995.25,2651.967391304348,4886.39,-1.1523756288650175,-0.8103083791659607,0.552450084831294,0,0,0,0,Normal
201006,37,99640.74,2692.992972972973,4831.73,1.158373940457965,1.4131525659534827,0.7042867139854845,0,0,0,0,Normal
201007,36,89885.83,2496.828611111111,4946.83,0.9933203997920377,0.8519056673333562,-0.021722138390313582,0,0,0,0,Normal
201008,34,78408.48,2306.1317647058822,4912.02,0.663213318460183,0.19155850965812282,-0.7274955892673809,0,0,0,0,Normal
201009,31,76568.65,2469.956451612903,4990.23,0.1680526964624011,0.08570423919450317,-0.12117662386862828,0,0,0,0,Normal
201010,24,71019.07,2959.127916666667,4803.24,-0.9873220881990902,-0.23358979464530405,1.6892583123649012,0,0,0,0,Normal
201011,53,139129.72,2625.0890566037738,4973.36,3.799230591112802,3.685143548409722,0.4529727447858167,1,1,0,2,Moderate Anomaly Signal
201012,24,53579.44,2232.476666666667,4977.49,-0.9873220881990902,-1.2369756024674692,-1.0000948151998363,0,0,0,0,Normal
201013,33,89784.47,2720.741515151515,4948.1,0.49815977779425574,0.8460739389376932,0.8069847120873589,0,0,0,0,Normal
201014,20,59111.12,2955.556,4630.47,-1.6475362508627995,-0.9187114417362087,1.6760385659474817,0,0,0,0,Normal
201015,30,89253.8,2975.1266666666666,4983.65,0.002999155796473763,0.8155419410319472,1.748470057131907,0,0,0,0,Normal
201016,38,95513.06,2513.501578947368,4995.05,1.3234274811238924,1.1756672792110805,0.03998490222404505,0,0,0,0,Normal
201017,29,74840.02,2580.690344827586,4912.9,-0.16205438486945356,-0.013752160337804511,0.28865208287938565,0,0,0,0,Normal
201018,26,75286.01,2895.615769230769,4977.82,-0.6572150068672356,0.011907789811974927,1.454198381834148,0,0,0,0,Normal
201019,21,58350.42,2778.5914285714284,4721.0,-1.482482710196872,-0.9624781721089474,1.0210885832156245,0,0,0,0,Normal
201020,34,69306.04,2038.4129411764704,4673.3,0.663213318460183,-0.3321486511332924,-1.7183291636495563,0,0,0,0,Normal
201021,33,94291.59,2857.320909090909,4950.6,0.49815977779425574,1.1053902341888786,1.3124682163843724,0,0,0,0,Normal
201022,33,87117.68,2639.9296969696966,4755.37,0.49815977779425574,0.6926406815553934,0.5078982989401074,0,0,0,0,Normal
201023,41,86012.87,2097.8748780487804,4869.35,1.8185881031216744,0.6290756475300153,-1.498259156340543,0,0,0,0,Normal
201024,25,52222.56,2088.9024,4783.67,-0.8222685475331628,-1.3150434361839956,-1.531466505674207,0,0,0,0,Normal
201025,36,90763.08,2521.1966666666667,4994.45,0.9933203997920377,0.9023780798737595,0.06846460032513607,0,0,0,0,Normal
201026,26,58676.07,2256.771923076923,4905.1,-0.6572150068672356,-0.9437419610587536,-0.9101775078093797,0,0,0,0,Normal
201027,34,76026.63,2236.0773529411767,4980.57,0.663213318460183,0.054519221189203784,-0.9867685917966117,0,0,0,0,Normal
201028,30,70738.29,2357.9429999999998,4900.54,0.002999155796473763,-0.24974441874686587,-0.5357410059218937,0,0,0,0,Normal
201029,27,66139.65,2449.6166666666663,4795.86,-0.4921614662013082,-0.514326299858066,-0.1964546396418838,0,0,0,0,Normal
201030,35,97678.27,2790.8077142857146,4844.79,0.8282668591261104,1.30024222632605,1.0663013399444403,0,0,0,0,Normal
201031,22,51488.7,2340.3954545454544,4722.62,-1.3174291695309448,-1.3572659322420182,-0.6006848785833195,0,0,0,0,Normal
201032,35,98154.25,2804.407142857143,4772.5,0.8282668591261104,1.3276276454437257,1.11663314046314,0,0,0,0,Normal
201033,25,55588.05,2223.522,4567.54,-0.8222685475331628,-1.1214106066820266,-1.0332362441952458,0,0,0,0,Normal
201034,38,110917.97,2918.893947368421,4962.97,1.3234274811238924,2.0619858573447765,1.5403514589512706,0,1,0,1,Low Anomaly Signal
201035,32,82894.35,2590.4484375,4979.38,0.33310623712832843,0.44965219018547486,0.32476701015381504,0,0,0,0,Normal
201036,24,51196.59,2133.19125,4775.08,-0.9873220881990902,-1.3740724257469223,-1.3675524447491822,0,0,0,0,Normal
201037,36,81555.78,2265.4383333333335,4764.1,0.9933203997920377,0.37263781884981456,-0.8781029224731037,0,0,0,0,Normal
201038,24,59973.479999999996,2498.895,4637.76,-0.9873220881990902,-0.8690957225246476,-0.014074385192203142,0,0,0,0,Normal
201039,33,90821.0,2752.151515151515,4921.01,0.49815977779425574,0.9057104960998525,0.9232338504970266,0,0,0,0,Normal
201040,30,75307.08,2510.236,4902.8,0.002999155796473763,0.013120048269913543,0.027898918809835534,0,0,0,0,Normal
201041,30,74742.0,2491.4,4950.1,0.002999155796473763,-0.019391722466286176,-0.04181355400406085,0,0,0,0,Normal
201042,27,68684.27,2543.861851851852,4949.55,-0.4921614662013082,-0.36792207027862844,0.15234897630964292,0,0,0,0,Normal
201043,37,97129.81999999999,2625.13027027027,4960.71,1.158373940457965,1.2686872594890197,0.45312527752128,0,0,0,0,Normal
201044,25,51503.590000000004,2060.1436000000003,4392.47,-0.8222685475331628,-1.3564092389131759,-1.6379034914015524,0,0,0,0,Normal
201045,29,70641.55,2435.9155172413793,4938.99,-0.16205438486945356,-0.25531033631786404,-0.24716291139965946,0,0,0,0,Normal
201046,29,65203.82,2248.4075862068967,4910.82,-0.16205438486945356,-0.5681691015995142,-0.941134112537453,0,0,0,0,Normal
201047,37,88251.67,2385.1802702702703,4959.36,1.158373940457965,0.7578845813521357,-0.43493523700912007,0,0,0,0,Normal
201048,45,130884.67,2908.548222222222,4944.76,2.4788022657853834,3.2107661588215177,1.502061690263947,1,1,0,2,Moderate Anomaly Signal
201049,28,57103.68,2039.4171428571428,4794.09,-0.3271079255353809,-1.0342091217933274,-1.7146125899415745,0,0,0,0,Normal
201050,30,82785.63,2759.521,4889.46,0.002999155796473763,0.4433970055842863,0.9505084848223849,0,0,0,0,Normal
201051,31,79973.65,2579.7951612903225,4935.33,0.1680526964624011,0.28161026906064546,0.2853389878483314,0,0,0,0,Normal
201052,31,60497.34,1951.5270967741935,4857.55,0.1680526964624011,-0.8389555366786338,-2.039895688697668,0,0,0,0,Normal
201053,26,66981.85,2576.2250000000004,4993.12,-0.6572150068672356,-0.46587048242685686,0.27212573811947105,0,0,0,0,Normal
201054,33,75695.49,2293.802727272727,4986.54,0.49815977779425574,0.035467144029181975,-0.773125642722485,0,0,0,0,Normal
201055,20,61093.67,3054.6835,4671.08,-1.6475362508627995,-0.8046458031132661,2.0429117422513463,0,0,1,1,Low Anomaly Signal
201056,21,57243.13,2725.8633333333332,4899.38,-1.482482710196872,-1.0261858924644482,0.8259406799551502,0,0,0,0,Normal
201057,35,108486.31,3099.6088571428572,4989.7,0.8282668591261104,1.9220807599631893,2.209181530872925,0,0,1,1,Low Anomaly Signal
201058,29,77766.11,2681.59,4908.42,-0.16205438486945356,0.15459987341579892,0.6620840465732968,0,0,0,0,Normal
201059,34,76043.87,2236.5844117647057,4783.72,0.663213318460183,0.05551112132279863,-0.9848919553318469,0,0,0,0,Normal
201060,25,74411.09999999999,2976.4439999999995,4796.66,-0.8222685475331628,-0.038429991271780505,1.7533455383480256,0,0,0,0,Normal
201061,28,67290.61,2403.2360714285714,4890.42,-0.3271079255353809,-0.44810603432657226,-0.3681102982014537,0,0,0,0,Normal
201062,30,61641.2,2054.7066666666665,4845.98,0.002999155796473763,-0.7731437683019272,-1.658025707752742,0,0,0,0,Normal
201063,29,72780.18,2509.6613793103447,4935.78,-0.16205438486945356,-0.13226466446687257,0.025772234311752747,0,0,0,0,Normal
201064,28,58575.14,2091.969285714286,4809.67,-0.3271079255353809,-0.9495489494858872,-1.5201158905234058,0,0,0,0,Normal
201065,37,77920.25,2105.9527027027025,4691.61,1.158373940457965,0.1634682891114133,-1.468362939968597,0,0,0,0,Normal
201066,25,58575.13,2343.0052,4441.6,-0.8222685475331628,-0.9495495248339927,-0.5910261501350712,0,0,0,0,Normal
201067,26,54111.32,2081.2046153846154,4925.75,-0.6572150068672356,-1.2063739874409778,-1.5599561850502544,0,0,0,0,Normal
201068,31,76580.31,2470.332580645161,4806.37,0.1680526964624011,0.08637509508532253,-0.11978456159766758,0,0,0,0,Normal
201069,31,63749.840000000004,2056.4464516129033,4963.51,0.1680526964624011,-0.6518235654188307,-1.6515867233204549,0,0,0,0,Normal
201070,25,61500.57,2460.0228,4868.54,-0.8222685475331628,-0.7812348887072356,-0.15794129885308442,0,0,0,0,Normal
201071,27,62703.63,2322.3566666666666,4900.16,-0.4921614662013082,-0.7120170595469535,-0.6674468508489627,0,0,0,0,Normal
201072,28,79632.11,2844.003928571429,4986.08,-0.3271079255353809,0.2619598298710769,1.2631817626560085,0,0,0,0,Normal
201073,32,94351.12,2948.4725,4911.79,0.33310623712832843,1.1088152814599304,1.649822368178462,0,0,0,0,Normal
201074,32,85952.12,2686.00375,4980.17,0.33310623712832843,0.6255804077901127,0.6784194376798118,0,0,0,0,Normal
201075,26,71414.2,2746.7,4843.82,-0.6572150068672356,-0.2108560649592521,0.90305766649859,0,0,0,0,Normal
201076,28,62028.729999999996,2215.3117857142856,4984.49,-0.3271079255353809,-0.7508473031759284,-1.0636224376646197,0,0,0,0,Normal
201077,32,67920.12,2122.50375,4167.17,0.33310623712832843,-0.41188729574770755,-1.4071071300963116,0,0,0,0,Normal
201078,26,68643.02,2640.116153846154,4938.17,-0.6572150068672356,-0.37029538121313016,0.5085883801638803,0,0,0,0,Normal
201079,25,61498.19,2459.9276,4903.61,-0.8222685475331628,-0.7813718215563049,-0.15829363626080883,0,0,0,0,Normal
201080,34,98713.46,2903.33705882353,4901.92,0.663213318460183,1.3598016868420948,1.4827750536765547,0,0,0,0,Normal
201081,30,78470.26,2615.675333333333,4916.12,0.002999155796473763,0.19511301025287467,0.4181323366541463,0,0,0,0,Normal
201082,27,60921.42,2256.3488888888887,4918.22,-0.4921614662013082,-0.8145561742276399,-0.911743167149616,0,0,0,0,Normal
201083,25,52583.42,2103.3368,4776.97,-0.8222685475331628,-1.2942814244549217,-1.4780444565350626,0,0,0,0,Normal
201084,25,59494.0,2379.76,4643.29,-0.8222685475331628,-0.8966825134791901,-0.4549957829774879,0,0,0,0,Normal
201085,28,69110.83,2468.2439285714286,4546.39,-0.3271079255353809,-0.34338002149751207,-0.12751471135917625,0,0,0,0,Normal
201086,27,68325.15,2530.5611111111107,4857.05,-0.4921614662013082,-0.3885839714373747,0.10312262637899837,0,0,0,0,Normal
201087,28,84494.37,3017.656071428571,4994.57,-0.3271079255353809,0.5417090377350852,1.905872370428546,0,0,0,0,Normal
201088,28,67044.9,2394.460714285714,4589.48,-0.3271079255353809,-0.4622429126227282,-0.40058809849098925,0,0,0,0,Normal
201089,33,74309.39,2251.799696969697,4614.41,0.49815977779425574,-0.04428185685112962,-0.9285798319400098,0,0,0,0,Normal
201090,22,51318.52,2332.66,4817.95,-1.3174291695309448,-1.367057206298588,-0.6293139752441359,0,0,0,0,Normal
201091,25,72317.6,2892.704,4943.37,-0.8222685475331628,-0.1588791171234005,1.4434218563860537,0,0,0,0,Normal
201092,36,92456.44,2568.2344444444443,4991.56,0.9933203997920377,0.9998052266385556,0.242552506704381,0,0,0,0,Normal
201093,27,78545.55,2909.0944444444444,4890.76,-0.4921614662013082,0.19944480613793297,1.5040832713754895,0,0,0,0,Normal
201094,31,79720.51,2571.6293548387093,4893.33,0.1680526964624011,0.2670459071222269,0.25511714880279984,0,0,0,0,Normal
201095,25,56370.66,2254.8264,4748.25,-0.8222685475331628,-1.0763832886105018,-0.9173779338344812,0,0,0,0,Normal
201096,26,70922.58,2727.7915384615385,4895.19,-0.6572150068672356,-0.2391413285136697,0.8330770118504371,0,0,0,0,Normal
201097,36,90159.93,2504.4424999999997,4898.48,0.9933203997920377,0.8676759589005538,0.006457040956399096,0,0,0,0,Normal
201098,28,83197.5,2971.339285714286,4976.75,-0.3271079255353809,0.4670938679986672,1.7344528723963624,0,0,0,0,Normal
201099,31,76262.3,2460.074193548387,4632.53,0.1680526964624011,0.0680784499876042,-0.15775109013866906,0,0,0,0,Normal
201100,23,62328.979999999996,2709.9556521739128,4710.72,-1.1523756288650175,-0.7335724763132825,0.7670659830790489,0,0,0,0,Normal
201101,33,83560.53,2532.137272727273,4717.06,0.49815977779425574,0.48798073026659833,0.10895603707219291,0,0,0,0,Normal
201102,20,50315.51,2515.7755,4660.42,-1.6475362508627995,-1.4247651966116683,0.04840073677291716,0,0,0,0,Normal
201103,35,92264.55,2636.13,4910.54,0.8282668591261104,0.9887648718453064,0.4938355323388644,0,0,0,0,Normal
201104,28,60193.36,2149.7628571428572,4987.1,-0.3271079255353809,-0.8564449683845688,-1.3062205424116886,0,0,0,0,Normal
201105,34,91655.56999999999,2695.7520588235293,4935.01,0.663213318460183,0.9537273229266909,0.7144981547026283,0,0,0,0,Normal
201106,30,80509.04,2683.6346666666664,4606.22,0.002999155796473763,0.31241383127210914,0.6696514053232145,0,0,0,0,Normal
201107,30,85348.41,2844.947,4854.85,0.002999155796473763,0.5908460673230093,1.2666720918833307,0,0,0,0,Normal
201108,30,90655.3,3021.8433333333332,4978.09,0.002999155796473763,0.8961769779944724,1.9213695238422435,0,0,0,0,Normal
201109,30,78976.52,2632.550666666667,4920.35,0.002999155796473763,0.2242405834335017,0.48058833666611744,0,0,0,0,Normal
201110,30,84451.15,2815.038333333333,4907.4,0.002999155796473763,0.5392223832238326,1.1559794229568099,0,0,0,0,Normal
201111,23,54566.24,2372.445217391304,4786.53,-1.1523756288650175,-1.180200251433135,-0.48206796304482136,0,0,0,0,Normal
201112,32,85513.14,2672.285625,4961.92,0.33310623712832843,0.600323776662172,0.6276483389263539,0,0,0,0,Normal
201113,27,68392.86,2533.068888888889,4737.86,-0.4921614662013082,-0.3846882894161595,0.1124039700908621,0,0,0,0,Normal
201114,25,60207.52,2408.3008,4811.23,-0.8222685475331628,-0.8556302754674164,-0.34936562030564355,0,0,0,0,Normal
201115,32,89288.62,2790.269375,4928.18,0.33310623712832843,0.8175453031347188,1.0643089337637202,0,0,0,0,Normal
201116,26,78738.29,3028.395769230769,4965.02,-0.6572150068672356,0.21053406552013515,1.9456202410520966,0,0,0,0,Normal
201117,25,56279.479999999996,2251.1792,4858.17,-0.8222685475331628,-1.0816293126349354,-0.9308763056144153,0,0,0,0,Normal
201118,36,79401.88,2205.6077777777778,4668.9,0.9933203997920377,0.2487135904419782,-1.0995371960772151,0,0,0,0,Normal
201119,25,62110.19,2484.4076,4917.38,-0.8222685475331628,-0.7461605175098793,-0.06769258856043699,0,0,0,0,Normal
201120,26,70311.82,2704.3007692307697,4903.26,-0.6572150068672356,-0.2742812893950336,0.7461371301676222,0,0,0,0,Normal
201121,23,50368.21,2189.9221739130435,4502.87,-1.1523756288650175,-1.4217331120965595,-1.1575899797356273,0,0,0,0,Normal
201122,26,48035.78,1847.53,4508.49,-0.6572150068672356,-1.5559290302289197,-2.4247913555905964,0,0,0,0,Normal
201123,34,87804.53,2582.4861764705884,4845.24,0.663213318460183,0.7321584661702424,0.29529849743614545,0,0,0,0,Normal
201124,35,82390.09,2354.002571428571,4902.65,0.8282668591261104,0.4206396866259146,-0.5503246234447657,0,0,0,0,Normal
201125,28,67786.83,2420.9582142857143,4981.75,-0.3271079255353809,-0.41955611064370074,-0.30252023650403514,0,0,0,0,Normal
201126,32,68627.35,2144.6046875,4955.49,0.33310623712832843,-0.37119695169418804,-1.3253110478797892,0,0,0,0,Normal
201127,17,35877.36,2110.4329411764706,4789.1,-2.1426968728605815,-2.2554614213141186,-1.4517814734787722,0,0,0,0,Normal
201128,33,73252.46,2219.7715151515154,4965.65,0.49815977779425574,-0.10509212414816939,-1.047116875594636,0,0,0,0,Normal
201129,21,55951.5,2664.3571428571427,4689.01,-1.482482710196872,-1.1004995797936714,0.5983048426511676,0,0,0,0,Normal
201130,37,115050.95,3109.485135135135,4828.87,1.158373940457965,2.299776078583005,2.2457338647569314,0,1,1,2,Moderate Anomaly Signal
201131,28,73187.19,2613.8282142857142,4905.57,-0.3271079255353809,-0.10884742123168302,0.41129610622352597,0,0,0,0,Normal
201132,32,86698.22,2709.319375,4878.82,0.33310623712832843,0.6685071299290642,0.7647111065028919,0,0,0,0,Normal
201133,29,68498.31999999999,2362.0110344827585,4949.1,-0.16205438486945356,-0.3786206682973102,-0.5206851159619597,0,0,0,0,Normal
201134,20,57297.17,2864.8585,4675.9,-1.6475362508627995,-1.0230767113032246,1.3403650151384747,0,0,0,0,Normal
201135,29,61299.520000000004,2113.7765517241382,4614.14,-0.16205438486945356,-0.7928022623649704,-1.439406693302273,0,0,0,0,Normal
201136,31,85297.51,2751.532580645161,4796.03,0.1680526964624011,0.58791754546686,0.9209431595356874,0,0,0,0,Normal
201137,31,70561.25,2276.1693548387098,4777.78,0.1680526964624011,-0.25993038160369425,-0.8383871630252969,0,0,0,0,Normal
201138,28,83068.14,2966.719285714286,4992.1,-0.3271079255353809,0.4596511649080698,1.7173541452568317,0,0,0,0,Normal
201139,41,99504.75,2426.9451219512193,4961.7,1.8185881031216744,1.4053284070690488,-0.28036255239536934,0,0,0,0,Normal
201140,32,89070.48,2783.4525,4846.93,0.33310623712832843,0.8049946595649684,1.039079521302835,0,0,0,0,Normal
201141,41,102929.13,2510.466585365854,4955.56,1.8185881031216744,1.6023494615633282,0.028752320596222364,0,0,0,0,Normal
201142,34,72383.77,2128.934411764706,4910.26,0.663213318460183,-0.15507203871040717,-1.3833071017756782,0,0,0,0,Normal
201143,21,67068.76,3193.750476190476,4901.12,-1.482482710196872,-0.4608701320434018,2.5576018461475796,0,0,1,1,Low Anomaly Signal
201144,24,58914.9,2454.7875,4795.7,-0.9873220881990902,-0.9300009222590676,-0.17731726556165392,0,0,0,0,Normal
201145,27,69597.39,2577.681111111111,4965.68,-0.4921614662013082,-0.3153858840843932,0.27751483910945385,0,0,0,0,Normal
201146,35,103445.2,2955.577142857143,4897.55,0.8282668591261104,1.6320414512352865,1.6761168161520783,0,0,0,0,Normal
201147,28,63593.98,2271.2135714285714,4750.09,-0.3271079255353809,-0.6607909409885626,-0.8567286323526929,0,0,0,0,Normal
201148,39,96835.7,2482.9666666666667,4861.78,1.4884810217898197,1.2517651210149436,-0.0730255162428874,0,0,0,0,Normal
201149,36,90940.3,2526.1194444444445,4881.31,0.9933203997920377,0.9125743989964843,0.08668391504175281,0,0,0,0,Normal
201150,33,72802.41,2206.1336363636365,4918.56,0.49815977779425574,-0.13098566562871503,-1.0975909812560944,0,0,0,0,Normal
201151,23,46317.0,2013.7826086956522,4484.18,-1.1523756288650175,-1.6548187118774742,-1.8094865953477028,0,0,0,0,Normal
201152,32,78153.14,2442.285625,4655.12,0.33310623712832843,0.17686757113653104,-0.22358699485981892,0,0,0,0,Normal
201153,30,72392.23,2413.074333333333,4831.87,0.002999155796473763,-0.15458529421329528,-0.33169866273895154,0,0,0,0,Normal
201154,35,84206.65,2405.9042857142854,4857.31,0.8282668591261104,0.5251551220484224,-0.35823517525313747,0,0,0,0,Normal
201155,33,83803.29,2539.493636363636,4840.46,0.49815977779425574,0.5019478808716802,0.1361821094872024,0,0,0,0,Normal
201156,23,64612.21,2809.2265217391305,4977.44,-1.1523756288650175,-0.6022072708591643,1.134469773468578,0,0,0,0,Normal
201157,31,79576.38,2566.98,4899.14,0.1680526964624011,0.25875341488005216,0.237909778724456,0,0,0,0,Normal
201158,28,66468.73,2373.883214285714,4839.13,-0.3271079255353809,-0.49539274440774284,-0.47674590319092347,0,0,0,0,Normal
201159,25,58490.17,2339.6068,4718.55,-0.8222685475331628,-0.9544376823369082,-0.6036037073452406,0,0,0,0,Normal
201160,36,81668.04,2268.5566666666664,4783.05,0.9933203997920377,0.3790966766802909,-0.8665618984911203,0,0,0,0,Normal
201161,22,69203.61,3145.6186363636366,4966.97,-1.3174291695309448,-0.3380419417762256,2.3794647907530475,0,0,1,1,Low Anomaly Signal
201162,27,82319.66,3048.8762962962965,4953.4,-0.4921614662013082,0.4165875099200494,2.02141914667271,0,0,1,1,Low Anomaly Signal
201163,26,64475.48,2479.826153846154,4929.03,-0.6572150068672356,-0.6100740055033924,-0.08464862702127447,0,0,0,0,Normal
201164,26,53584.09,2060.9265384615383,4297.25,-0.6572150068672356,-1.2367080655984892,-1.6350058179987643,0,0,0,0,Normal
201165,18,43719.25,2428.847222222222,4195.86,-1.977643332194654,-1.8042797659405494,-0.27332283518196987,0,0,0,0,Normal
201166,30,64932.85,2164.4283333333333,4600.44,0.002999155796473763,-0.5837593092097428,-1.2519432749328494,0,0,0,0,Normal
201167,30,76186.95,2539.565,4866.44,0.002999155796473763,0.06374320201391405,0.13644622796033473,0,0,0,0,Normal
201168,20,48070.64,2403.532,4825.17,-1.6475362508627995,-1.5539233667337262,-0.36701505969590165,0,0,0,0,Normal
201169,23,47610.08,2070.0034782608695,4985.45,-1.1523756288650175,-1.5804215990729773,-1.6014118533038044,0,0,0,0,Normal
201170,25,64817.44,2592.6976,4969.8,-0.8222685475331628,-0.5903994016933996,0.3330912127252353,0,0,0,0,Normal
201171,64,143744.25,2246.00390625,4936.52,5.614819538438002,3.9506396576602976,-0.9500301878001665,1,1,0,2,Moderate Anomaly Signal
201172,36,90536.44,2514.9011111111113,4941.25,0.9933203997920377,0.8893383904144754,0.04516460321773334,0,0,0,0,Normal
201173,30,83583.35,2786.1116666666667,4411.83,0.002999155796473763,0.48929367464297036,1.04892115880324,0,0,0,0,Normal
201174,24,56579.61,2357.48375,4936.18,-0.9873220881990902,-1.0643613899495532,-0.5374407008220728,0,0,0,0,Normal
201175,28,61565.38,2198.763571428571,4744.66,-0.3271079255353809,-0.7775060576365677,-1.1248677624953385,0,0,0,0,Normal
201176,32,79499.67,2484.3646875,4984.0,0.33310623712832843,0.25433991956403657,-0.06785140871809414,0,0,0,0,Normal
201177,24,65700.18000000001,2737.5075,4938.11,-0.9873220881990902,-0.5396111230431676,0.8690360108210722,0,0,0,0,Normal
201178,25,64984.2,2599.368,4992.9,-0.8222685475331628,-0.5808048966888542,0.35777851781431036,0,0,0,0,Normal
201179,28,79786.39,2849.5139285714286,4732.5,-0.3271079255353809,0.27083630044016593,1.283574400434972,0,0,0,0,Normal
201180,24,65777.89,2740.7454166666666,4889.37,-0.9873220881990902,-0.5351400929166196,0.8810196154929054,0,0,0,0,Normal
201181,36,96496.85,2680.4680555555556,4930.65,0.9933203997920377,1.2322694504657101,0.6579317041660954,0,0,0,0,Normal
201182,22,62023.37,2819.244090909091,4883.69,-1.3174291695309448,-0.7511556897603869,1.1715450292777845,0,0,0,0,Normal
201183,23,60064.07,2611.481304347826,4850.65,-1.1523756288650175,-0.863883644038429,0.4026101381176814,0,0,0,0,Normal
201184,22,50471.67,2294.166818181818,4595.89,-1.3174291695309448,-1.4157805605987765,-0.7717781338245349,0,0,0,0,Normal
201185,36,110274.93,3063.1924999999997,4898.52,0.9933203997920377,2.0249886727793944,2.0744037485782427,0,1,1,2,Moderate Anomaly Signal
201186,21,51869.9,2469.995238095238,4962.79,-1.482482710196872,-1.3353336624666954,-0.12103307419803291,0,0,0,0,Normal
201187,29,63490.52,2189.328275862069,4684.65,-0.16205438486945356,-0.6667434924863459,-1.1597880101950022,0,0,0,0,Normal
201188,25,63319.03,2532.7612,4946.04,-0.8222685475331628,-0.6766101371447143,0.11126520637766307,0,0,0,0,Normal
201189,39,95325.78,2444.250769230769,4962.26,1.4884810217898197,1.16489215989439,-0.21631395048931165,0,0,0,0,Normal
201190,40,96144.29,2403.60725,4790.99,1.653534562455747,1.2119849776640625,-0.3667365577008264,0,0,0,0,Normal
201191,31,73848.43000000001,2382.2074193548387,4928.13,0.1680526964624011,-0.07080310311459376,-0.4459378271886587,0,0,0,0,Normal
201192,27,64546.47,2390.61,4714.81,-0.4921614662013082,-0.6059896093036282,-0.4148396813619231,0,0,0,0,Normal
201193,29,60474.93,2085.3424137931033,4576.92,-0.16205438486945356,-0.8402448917826865,-1.5446420971833452,0,0,0,0,Normal
201194,28,65151.95,2326.855357142857,4631.81,-0.3271079255353809,-0.5711534322218805,-0.6507970930702643,0,0,0,0,Normal
201195,31,77271.38,2492.625161290323,4963.86,0.1680526964624011,0.12613567660062247,-0.03727920365662671,0,0,0,0,Normal
201196,34,83308.51,2450.2502941176467,4959.66,0.663213318460183,0.4734808073159769,-0.19410956975174742,0,0,0,0,Normal
201197,19,51988.04,2736.2126315789474,4868.43,-1.8125897915287268,-1.3285364999502824,0.8642436727662719,0,0,0,0,Normal
201198,32,83589.98,2612.186875,4757.5,0.33310623712832843,0.48967513043680605,0.40522147146382415,0,0,0,0,Normal
201199,32,82718.63,2584.9571875,4834.75,0.33310623712832843,0.43954217327855016,0.30444376655967004,0,0,0,0,Normal
201200,34,86109.7,2532.6382352941177,4989.64,0.663213318460183,0.6346467432339621,0.11081011114959557,0,0,0,0,Normal
201201,29,70529.69,2432.058275862069,4613.6,-0.16205438486945356,-0.26174618022412743,-0.2614386511953599,0,0,0,0,Normal
201202,32,71193.29,2224.7903125,4818.85,0.33310623712832843,-0.22356607995418018,-1.0285421902201042,0,0,0,0,Normal
201203,30,74521.41,2484.047,4958.88,0.002999155796473763,-0.03208332632184319,-0.069027177522886,0,0,0,0,Normal
201204,30,70620.62,2354.0206666666663,4914.31,0.002999155796473763,-0.25651453990232803,-0.5502576525489402,0,0,0,0,Normal
201205,26,56986.99,2191.8073076923074,4796.97,-0.6572150068672356,-1.040922858834467,-1.1506130559016128,0,0,0,0,Normal
201206,41,112366.9,2740.6560975609755,4962.31,1.8185881031216744,2.1453497703708995,0.8806890434113989,0,1,0,1,Low Anomaly Signal
201207,30,77053.94,2568.4646666666667,4948.82,0.002999155796473763,0.11362530739824525,0.24340456448776582,0,0,0,0,Normal
201208,31,90197.34,2909.5916129032257,4992.04,0.1680526964624011,0.8698283361626076,1.505923303370962,0,0,0,0,Normal
201209,27,76866.89,2846.921851851852,4591.11,-0.4921614662013082,0.10286342108797726,1.2739810643845886,0,0,0,0,Normal
201210,24,59813.83,2492.2429166666666,4908.87,-0.9873220881990902,-0.8782811550263007,-0.038693899873174835,0,0,0,0,Normal
201211,43,107517.48,2500.406511627907,4964.43,2.148695184453529,1.8663393094741394,-0.008480245604797963,1,0,0,1,Low Anomaly Signal
201212,29,66500.31,2293.1141379310343,4883.88,-0.16205438486945356,-0.4935757950910988,-0.7756741278447353,0,0,0,0,Normal
201213,27,75956.94,2813.2200000000003,4884.88,-0.4921614662013082,0.050509620243132734,1.1492497291223143,0,0,0,0,Normal
201214,27,67372.67,2495.284074074074,4393.1,-0.4921614662013082,-0.4433847277742036,-0.027438505782780523,0,0,0,0,Normal
201215,27,61894.65,2292.3944444444446,4857.45,-0.4921614662013082,-0.758561570572243,-0.7783377301285653,0,0,0,0,Normal
201216,39,97926.38,2510.932820512821,4987.97,1.4884810217898197,1.3145171881674858,0.03047786768731474,0,0,0,0,Normal
201217,25,69652.44,2786.0976,4801.92,-0.8222685475331628,-0.31221859276453073,1.0488690977436956,0,0,0,0,Normal
201218,22,50038.71,2274.4868181818183,4953.59,-1.3174291695309448,-1.4406908321673066,-0.8446142702111077,0,0,0,0,Normal
201219,31,67183.91,2167.2229032258065,4494.04,0.1680526964624011,-0.4542449986104832,-1.2416005069536833,0,0,0,0,Normal
201220,25,77460.08,3098.4032,4883.11,-0.8222685475331628,0.13699249534827018,2.20471936582757,0,0,1,1,Low Anomaly Signal
201221,27,70670.83,2617.4381481481482,4756.13,-0.4921614662013082,-0.2536257170654469,0.424656555164113,0,0,0,0,Normal
201222,29,58352.62,2012.1593103448276,4785.92,-0.16205438486945356,-0.9623515955257737,-1.8154944601890015,0,0,0,0,Normal
201223,24,68647.78,2860.3241666666668,4869.27,-0.9873220881990902,-0.37002151551499163,1.3235833423189203,0,0,0,0,Normal
201224,32,84062.16,2626.9425,4699.61,0.33310623712832843,0.5168419172744556,0.4598323817772972,0,0,0,0,Normal
201225,29,71101.0,2451.7586206896553,4850.37,-0.16205438486945356,-0.228875967618305,-0.18852721813008516,0,0,0,0,Normal
201226,33,84908.5,2572.9848484848485,4856.31,0.49815977779425574,0.565535928821272,0.2601338622215664,0,0,0,0,Normal
201227,31,81615.18,2632.7477419354836,4617.68,0.1680526964624011,0.3760553865954967,0.48131771680625723,0,0,0,0,Normal
201228,23,55043.73,2393.205652173913,4906.83,-1.1523756288650175,-1.1527279547515532,-0.40523311247212435,0,0,0,0,Normal
201229,34,85017.73,2500.5214705882354,4999.37,0.663213318460183,0.5718204561758324,-0.008054779826681582,0,0,0,0,Normal
201230,31,76715.93,2474.7074193548383,4907.04,0.1680526964624011,0.0941779660898586,-0.10359318207900393,0,0,0,0,Normal
201231,29,82999.22,2862.0420689655175,4498.47,-0.16205438486945356,0.45568586576610964,1.3299413385657648,0,0,0,0,Normal
201232,33,81407.51,2466.8942424242423,4944.55,0.49815977779425574,0.36410713249203075,-0.13250993108964007,0,0,0,0,Normal
201233,29,61593.37,2123.9093103448276,4938.5,-0.16205438486945356,-0.7758956582897383,-1.4019051186646327,0,0,0,0,Normal
201234,40,102749.47,2568.73675,4939.37,1.653534562455747,1.5920127575029017,0.24441155121414676,0,0,0,0,Normal
201235,41,104256.45999999999,2542.8404878048777,4952.33,1.8185881031216744,1.6787171416285922,0.14856888428597645,0,0,0,0,Normal
201236,24,80159.94,3339.9975,4923.5,-0.9873220881990902,0.2923284289149084,3.0988654727899028,0,0,1,1,Low Anomaly Signal
201237,32,96376.41,3011.7628125,4985.76,0.33310623712832843,1.2253399578850703,1.8840612824670224,0,0,0,0,Normal
201238,31,82965.89,2676.3190322580645,4726.2,0.1680526964624011,0.45376823053103216,0.642576072724676,0,0,0,0,Normal
201239,33,81967.26,2483.8563636363633,4890.06,0.49815977779425574,0.3963122426880875,-0.06973272712563418,0,0,0,0,Normal
201240,33,82439.23999999999,2498.1587878787877,4805.94,0.49815977779425574,0.4234675225636297,-0.016799123325844594,0,0,0,0,Normal
201241,36,87495.83,2430.4397222222224,4602.96,0.9933203997920377,0.7143974701585897,-0.2674289557512975,0,0,0,0,Normal
201242,28,70681.52,2524.34,4998.29,-0.3271079255353809,-0.253010669940845,0.0800981498868808,0,0,0,0,Normal
201243,34,101379.84,2981.7599999999998,4944.7,0.663213318460183,1.513211354952075,1.7730201776280583,0,0,0,0,Normal
201244,33,74973.14,2271.9133333333334,4830.3,0.49815977779425574,-0.006093126359601881,-0.8541387973154281,0,0,0,0,Normal
201245,33,84641.55,2564.8954545454544,4882.43,0.49815977779425574,0.5501770111493878,0.23019482765579263,0,0,0,0,Normal
201246,21,50195.79,2390.2757142857145,4890.37,-1.482482710196872,-1.431653264128724,-0.41607688054270536,0,0,0,0,Normal
201247,27,79301.1,2937.077777777778,4929.68,-0.4921614662013082,0.2429152322364247,1.6076502369861414,0,0,0,0,Normal
201248,25,66519.06,2660.7624,4617.8,-0.8222685475331628,-0.49249701739359797,0.5850006159734491,0,0,0,0,Normal
201249,30,72164.45,2405.4816666666666,4974.32,0.002999155796473763,-0.1676905733565874,-0.35979929814906875,0,0,0,0,Normal
201250,41,95450.3,2328.0560975609756,4993.99,1.8185881031216744,1.1720563945020062,-0.6463531249371873,0,0,0,0,Normal
201251,41,97490.24,2377.8107317073172,4975.75,1.8185881031216744,1.2894239559014595,-0.4622100701329696,0,0,0,0,Normal
201252,30,67003.86,2233.462,4832.56,0.002999155796473763,-0.46460414124701754,-0.9964480736829214,0,0,0,0,Normal
201253,29,66315.05,2286.7258620689654,4928.23,-0.16205438486945356,-0.5042346940905116,-0.799317284956763,0,0,0,0,Normal
201254,36,85471.17,2374.1991666666668,4731.59,0.9933203997920377,0.5979090406640861,-0.4755765561019634,0,0,0,0,Normal
201255,30,75709.79,2523.6596666666665,4806.61,0.002999155796473763,0.03628989181980857,0.07758022044302791,0,0,0,0,Normal
201256,36,94533.3,2625.925,4777.53,0.9933203997920377,1.1192969732429012,0.45606659068109123,0,0,0,0,Normal
201257,34,78439.68,2307.049411764706,4719.31,0.663213318460183,0.19335359574676397,-0.7240993562220956,0,0,0,0,Normal
201258,27,66921.48,2478.5733333333333,4852.56,-0.4921614662013082,-0.46934385893875724,-0.08928534479260046,0,0,0,0,Normal
201259,24,52372.0,2182.1666666666665,4985.95,-0.9873220881990902,-1.3064454340978877,-1.186293291907587,0,0,0,0,Normal
201260,27,55360.0,2050.3703703703704,4829.71,-0.4921614662013082,-1.134531420224163,-1.6740744409056694,0,0,0,0,Normal
201261,23,60055.229999999996,2611.096956521739,4976.54,-1.1523756288650175,-0.8643922517635443,0.4011876579001619,0,0,0,0,Normal
201262,22,39259.05,1784.5022727272728,3777.24,-1.3174291695309448,-2.060896527881509,-2.6580584358635693,0,0,0,0,Normal
201263,31,74329.83,2397.7364516129032,4914.71,0.1680526964624011,-0.0431058453238273,-0.38846451867748577,0,0,0,0,Normal
201264,27,72866.44,2698.757037037037,4856.71,-0.4921614662013082,-0.12730171171026308,0.7256196487573917,0,0,0,0,Normal
201265,36,95612.69,2655.9080555555556,4996.7,0.9933203997920377,1.181399472384521,0.5670345746104938,0,0,0,0,Normal
201266,33,93357.79,2829.023939393939,4930.76,0.49815977779425574,1.0516642281128128,1.2077404753185579,0,0,0,0,Normal
201267,21,41948.39,1997.5423809523809,4651.93,-1.482482710196872,-1.906165860521682,-1.8695920548425162,0,0,0,0,Normal
201268,28,77440.45999999999,2765.730714285714,4823.86,-0.3271079255353809,0.1358636623656048,0.9734907813994123,0,0,0,0,Normal
201269,29,78228.09,2697.520344827586,4944.89,-0.16205438486945356,0.18117980518600732,0.7210426222108575,0,0,0,0,Normal
201270,25,68528.6,2741.1440000000002,4896.15,-0.8222685475331628,-0.37687851423435886,0.8824947816528699,0,0,0,0,Normal
201271,32,93761.23,2930.0384375,4970.44,0.33310623712832843,1.0748760720743977,1.581597475373146,0,0,0,0,Normal
201272,22,54108.68,2459.4854545454546,4880.31,-1.3174291695309448,-1.2065258793407858,-0.1599300268416002,0,0,0,0,Normal
201273,27,73917.29,2737.6774074074074,4815.8,-0.4921614662013082,-0.06684125606126634,0.8696648420761026,0,0,0,0,Normal
201274,25,50357.18,2014.2872,4449.85,-0.8222685475331628,-1.4223677210567427,-1.8076190912286505,0,0,0,0,Normal
201275,26,67730.93000000001,2605.0357692307693,4479.55,-0.6572150068672356,-0.4227723065525161,0.3787550631750799,0,0,0,0,Normal
201276,39,95463.67,2447.7864102564104,4872.66,1.4884810217898197,1.172825634918837,-0.20322846106057305,0,0,0,0,Normal
201277,29,77370.8,2667.958620689655,4970.75,-0.16205438486945356,0.13185578746385052,0.6116339956289166,0,0,0,0,Normal
201278,33,79994.02,2424.061212121212,4935.55,0.49815977779425574,0.2827822531512109,-0.2910359695551757,0,0,0,0,Normal
201279,27,73174.14,2710.153333333333,4753.11,-0.4921614662013082,-0.10959825050914374,0.767797605634364,0,0,0,0,Normal
201280,35,87707.75,2505.9357142857143,4869.86,0.8282668591261104,0.7265902472068224,0.011983461656027783,0,0,0,0,Normal
201281,30,74709.2,2490.3066666666664,4991.86,0.002999155796473763,-0.021278864251781045,-0.04586000602553852,0,0,0,0,Normal
201282,24,50251.05,2093.7937500000003,4392.18,-0.9873220881990902,-1.4284738904986496,-1.5133635058919666,0,0,0,0,Normal
201283,32,99923.73,3122.6165625,4821.1,0.33310623712832843,1.429434341986322,2.294333581957017,0,0,1,1,Low Anomaly Signal
201284,29,79663.43000000001,2747.014827586207,4865.24,-0.16205438486945356,0.2637618201369826,0.9042228506961126,0,0,0,0,Normal
201285,36,82795.66,2299.8794444444447,4934.7,0.9933203997920377,0.44397407973393593,-0.7506355715486105,0,0,0,0,Normal
201286,30,70773.59999999999,2359.12,4916.17,0.002999155796473763,-0.24771286458693254,-0.5313849016268222,0,0,0,0,Normal
201287,36,96695.95,2685.998611111111,4915.87,0.9933203997920377,1.2437246312429044,0.6784004185328619,0,0,0,0,Normal
201288,29,63253.99,2181.172068965517,4999.59,-0.16205438486945356,-0.6803522012218051,-1.1899743210646343,0,0,0,0,Normal
201289,32,75696.73,2365.5228125,4537.45,0.33310623712832843,0.035538487194242824,-0.5076879440807015,0,0,0,0,Normal
201290,34,89228.48,2624.367058823529,4578.18,0.663213318460183,0.8140851596292417,0.45030061425773205,0,0,0,0,Normal
201291,18,40283.62,2237.978888888889,4969.6,-1.977643332194654,-2.001948087053329,-0.9797309631567982,0,0,0,0,Normal
201292,23,64244.82,2793.2530434782607,4980.67,-1.1523756288650175,-0.6233449849010209,1.0753515599941534,0,0,0,0,Normal
201293,14,38947.46,2781.9614285714283,4750.85,-2.6378574948583635,-2.0788237994956034,1.0335610313671866,0,0,0,0,Normal
201294,32,78392.32,2449.76,4501.25,0.33310623712832843,0.19062874711990413,-0.1959241596512614,0,0,0,0,Normal
201295,21,49282.61,2346.7909523809526,4771.46,-1.482482710196872,-1.4841929024115916,-0.5770149927801498,0,0,0,0,Normal
201296,33,82898.79,2512.084545454545,4795.12,0.49815977779425574,0.4499076447442424,0.03474042840556927,0,0,0,0,Normal
201297,32,77899.47,2434.3584375,4804.39,0.33310623712832843,0.16227271574852986,-0.25292569963176686,0,0,0,0,Normal
201298,28,58655.45,2094.8375,4916.94,-0.3271079255353809,-0.944928328851952,-1.5095005629370137,0,0,0,0,Normal
201299,19,47084.4,2478.1263157894737,4552.99,-1.8125897915287268,-1.610666498274162,-0.09093976708892917,0,0,0,0,Normal
201300,38,87899.58,2313.146842105263,4661.86,1.3234274811238924,0.7376271499114398,-0.7015326251299988,0,0,0,0,Normal
201301,34,80934.98,2380.440588235294,4618.31,0.663213318460183,0.3369202084706951,-0.4524769101355697,0,0,0,0,Normal
201302,26,69553.27,2675.1257692307695,4938.73,-0.6572150068672356,-0.3179243199251255,0.6381597785884406,0,0,0,0,Normal
201303,23,52589.12,2286.4834782608696,4974.61,-1.1523756288650175,-1.2939534760348812,-0.800214353051497,0,0,0,0,Normal
201304,30,75437.47,2514.5823333333333,4873.49,0.002999155796473763,0.02062201221536029,0.04398479926960088,0,0,0,0,Normal
201305,33,89556.4,2713.8303030303027,4961.67,0.49815977779425574,0.832951974699346,0.7814061557531532,0,0,0,0,Normal
201306,25,82144.06,3285.7624,4839.15,-0.8222685475331628,0.40648439719038837,2.8981401099576143,0,0,1,1,Low Anomaly Signal
201307,26,62429.68,2401.1415384615384,4999.05,-0.6572150068672356,-0.7277787208925715,-0.3758622132854473,0,0,0,0,Normal
201308,26,60172.51,2314.327307692308,4721.99,-0.6572150068672356,-0.8576445691841896,-0.6971636946169073,0,0,0,0,Normal
201309,31,71752.02,2314.5812903225806,4852.61,0.1680526964624011,-0.1914196552648669,-0.6962236990123156,0,0,0,0,Normal
201310,26,61262.65,2356.255769230769,4979.48,-0.6572150068672356,-0.7949235708293361,-0.5419854861263298,0,0,0,0,Normal
201311,23,51659.73,2246.0752173913047,4832.27,-1.1523756288650175,-1.3474257535964946,-0.9497662636124656,0,0,0,0,Normal
201312,31,65494.41,2112.7229032258065,4671.69,0.1680526964624011,-0.5514500610066204,-1.4433062708291025,0,0,0,0,Normal
201313,25,64909.7,2596.388,4998.03,-0.8222685475331628,-0.5850912400735906,0.3467494687069938,0,0,0,0,Normal
201314,21,47571.49,2265.3090476190473,4202.9,-1.482482710196872,-1.5826418674114606,-0.878581411899861,0,0,0,0,Normal
201315,32,78664.7,2458.271875,4972.52,0.33310623712832843,0.20630007881298426,-0.1644215128826922,0,0,0,0,Normal
201316,29,93241.66,3215.229655172414,4929.45,-0.16205438486945356,1.0449827105655725,2.6370967856699394,0,0,1,1,Low Anomaly Signal
201317,39,94234.0,2416.25641025641,4839.78,1.4884810217898197,1.1020768044502618,-0.31992172225308696,0,0,0,0,Normal
201318,25,64653.229999999996,2586.1292,4780.91,-0.8222685475331628,-0.5998471929310853,0.30878141200157794,0,0,0,0,Normal
201319,29,70783.04,2440.7944827586207,4969.84,-0.16205438486945356,-0.24716973597549735,-0.22910574687531093,0,0,0,0,Normal
201320,15,37373.28,2491.552,4424.91,-2.472803954192436,-2.169393947541032,-0.04125099847912374,0,0,0,0,Normal
201321,38,97210.26,2558.164736842105,4926.64,1.3234274811238924,1.2733153596483247,0.205284285347831,0,0,0,0,Normal
201322,31,77547.52,2501.5329032258064,4844.83,0.1680526964624011,0.14202333918130866,-0.004311444179529374,0,0,0,0,Normal
201323,42,106474.69,2535.1116666666667,4986.44,1.9836416437876017,1.8063425843980416,0.1199643380191994,0,0,0,0,Normal
201324,40,100977.83,2524.44575,4646.98,1.653534562455747,1.4900817857695532,0.08048953308926186,0,0,0,0,Normal
201325,29,66505.64,2293.2979310344826,4904.05,-0.16205438486945356,-0.4932691345509558,-0.774993905306642,0,0,0,0,Normal
201326,28,52082.32,1860.0828571428572,3872.93,-0.3271079255353809,-1.323112118013196,-2.3783329401994218,0,0,0,0,Normal
201327,27,68170.52,2524.834074074074,4904.63,-0.4921614662013082,-0.39748057919014995,0.08192672949279148,0,0,0,0,Normal
201328,38,90382.26,2378.480526315789,4793.31,1.3234274811238924,0.8804676733264392,-0.45973114475422727,0,0,0,0,Normal
201329,21,48238.97,2297.09380952381,4628.64,-1.482482710196872,-1.5442385320766432,-0.7609452709897979,0,0,0,0,Normal
201330,33,80844.67,2449.8384848484848,4949.77,0.49815977779425574,0.3317242397314261,-0.19563368540692705,0,0,0,0,Normal
201331,38,106908.18,2813.373157894737,4722.14,1.3234274811238924,1.8312833494161538,1.1498165700425231,0,0,0,0,Normal
201332,21,59025.07,2810.717619047619,4879.21,-1.482482710196872,-0.9236623121826057,1.1399883591863988,0,0,0,0,Normal
201333,32,71874.17,2246.0678125,4866.77,0.33310623712832843,-0.18439177815821547,-0.9497936692869068,0,0,0,0,Normal
201334,39,88389.19,2266.3894871794873,4935.59,1.4884810217898197,0.7657967684966857,-0.8745826800308742,0,0,0,0,Normal
201335,28,72400.8,2585.7428571428572,4582.2,-0.3271079255353809,-0.15409222088702385,0.30735154812785753,0,0,0,0,Normal
201336,36,99293.18,2758.143888888889,4976.14,0.9933203997920377,1.3931557672045023,0.945411764664439,0,0,0,0,Normal
201337,31,73463.79,2369.799677419355,4921.73,0.1680526964624011,-0.09293329263815196,-0.49185916783206907,0,0,0,0,Normal
201338,28,73639.71,2629.9896428571433,4732.09,-0.3271079255353809,-0.08281176876911987,0.4711099281559686,0,0,0,0,Normal
201339,29,78219.44,2697.2220689655173,4934.77,-0.16205438486945356,0.18068212907489398,0.719938696328212,0,0,0,0,Normal
201340,33,80335.47,2434.4081818181817,4870.46,0.49815977779425574,0.30242751420783165,-0.25274159475658725,0,0,0,0,Normal
201341,21,56283.4,2680.1619047619047,4851.21,-1.482482710196872,-1.0814037761776443,0.6567986329790418,0,0,0,0,Normal
201342,25,69555.26,2782.2104,4975.44,-0.8222685475331628,-0.3178098256521646,1.0344824803980708,0,0,0,0,Normal
201343,26,45585.71,1753.2965384615384,4440.0,-0.6572150068672356,-1.696893343472426,-2.773551582053722,0,0,0,0,Normal
201344,33,81432.47,2467.650606060606,4656.18,0.49815977779425574,0.36554320136294416,-0.12971061173110132,0,0,0,0,Normal
201345,32,80049.93,2501.5603125,4832.0,0.33310623712832843,0.28599902440813124,-0.0042100018201084105,0,0,0,0,Normal
201346,34,82399.68,2423.52,4689.81,0.663213318460183,0.42119144545892945,-0.2930390081666935,0,0,0,0,Normal
201347,32,77103.37999999999,2409.4806249999997,4997.12,0.33310623712832843,0.11646982843101461,-0.34499906062006086,0,0,0,0,Normal
201348,30,72534.25,2417.8083333333334,4758.44,0.002999155796473763,-0.14641420042134512,-0.31417801895571645,0,0,0,0,Normal
201349,35,68923.88,1969.2537142857145,4609.87,0.8282668591261104,-0.3541361543267264,-1.9742890662006272,0,0,0,0,Normal
201350,30,68829.95,2294.3316666666665,4933.34,0.002999155796473763,-0.35954039908012675,-0.7711680257592131,0,0,0,0,Normal
201351,28,74745.31,2669.475357142857,4862.75,-0.3271079255353809,-0.019201282243420836,0.6172474724159027,0,0,0,0,Normal
201352,29,55489.78,1913.4406896551723,4542.56,-0.16205438486945356,-1.1270645525131415,-2.180854364683216,0,0,0,0,Normal
201353,30,72299.70999999999,2409.990333333333,4784.86,0.002999155796473763,-0.15990841488384339,-0.3431126182580664,0,0,0,0,Normal
201354,27,72042.44,2668.2385185185185,4845.96,-0.4921614662013082,-0.1747103955897642,0.6126699039844753,0,0,0,0,Normal
201355,29,89780.67,3095.885172413793,4889.51,-0.16205438486945356,0.8458553066576663,2.1954000873370143,0,0,1,1,Low Anomaly Signal
201356,32,83356.37,2604.8865625,4625.84,0.33310623712832843,0.47623442334810423,0.37820284560434203,0,0,0,0,Normal
201357,34,87337.2,2568.741176470588,4883.5,0.663213318460183,0.7052707231636801,0.2444279336844444,0,0,0,0,Normal
201358,24,61359.83,2556.6595833333336,4790.91,-0.9873220881990902,-0.7893323379417027,0.19971367730679426,0,0,0,0,Normal
201359,23,52717.32,2292.0573913043477,4710.22,-1.1523756288650175,-1.2865775133245028,-0.7795851716164527,0,0,0,0,Normal
201360,33,86469.56,2620.2896969696967,4949.81,0.49815977779425574,0.6553512201525025,0.4352102034811494,0,0,0,0,Normal
201361,31,82915.24,2674.685161290323,4685.97,0.1680526964624011,0.45085409237751706,0.6365290783829844,0,0,0,0,Normal
201362,40,104168.56,2604.214,4873.26,1.653534562455747,1.673659831782709,0.375713676194866,0,0,0,0,Normal
201363,37,100509.11,2716.4624324324323,4909.21,1.158373940457965,1.4631140693763494,0.7911477277105016,0,0,0,0,Normal
201364,34,79745.56,2345.4576470588236,4999.4,0.663213318460183,0.26848715412608815,-0.5819495866971993,0,0,0,0,Normal
201365,31,75540.31,2436.784193548387,4951.25,0.1680526964624011,0.02653889213061239,-0.24394792024249487,0,0,0,0,Normal
201366,39,78933.76,2023.942564102564,4825.31,1.4884810217898197,0.22178039493509405,-1.7718843647735503,0,0,0,0,Normal
201367,32,78316.08,2447.3775,4942.81,0.33310623712832843,0.1862422931648393,-0.20474184740232965,0,0,0,0,Normal
201368,33,88626.96,2685.665454545455,4831.52,0.49815977779425574,0.7794768203972066,0.6771673983573425,0,0,0,0,Normal
201369,29,69757.90000000001,2405.4448275862073,4891.14,-0.16205438486945356,-0.30615097164568067,-0.35993564044016046,0,0,0,0,Normal
201370,36,82337.81,2287.1613888888887,4702.46,0.9933203997920377,0.4176317667312298,-0.7977053900961966,0,0,0,0,Normal
201371,31,85827.06,2768.6148387096773,4904.3,0.1680526964624011,0.618385104384809,0.9841649927764268,0,0,0,0,Normal
201372,34,79482.17,2337.710882352941,4794.38,0.663213318460183,0.2533330603797025,-0.6106205425240463,0,0,0,0,Normal
201373,32,71197.93,2224.9353125,4977.98,0.33310623712832843,-0.22329911843330535,-1.0280055418575,0,0,0,0,Normal
201374,39,91860.94,2355.408717948718,4724.91,1.4884810217898197,0.9655432469659307,-0.5451204425646384,0,0,0,0,Normal
201375,30,69021.08,2300.7026666666666,4696.05,0.002999155796473763,-0.3485437707428825,-0.7475888070133357,0,0,0,0,Normal
201376,32,87952.63,2748.5196875,4595.48,0.33310623712832843,0.7406793716102356,0.909792372135326,0,0,0,0,Normal
201377,29,77650.15,2677.5913793103446,4963.09,-0.16205438486945356,0.14792813678634836,0.6472850586713695,0,0,0,0,Normal
201378,26,55415.67,2131.371923076923,4867.3,-0.6572150068672356,-1.13132845732177,-1.374285815882363,0,0,0,0,Normal
201379,34,74895.95,2202.8220588235295,4912.02,0.663213318460183,-0.01053423838467324,-1.1098472065287543,0,0,0,0,Normal
201380,35,98141.23,2804.0351428571425,4869.58,0.8282668591261104,1.3268785422105809,1.1152563598363194,0,0,0,0,Normal
201381,31,74422.35,2400.7209677419355,4996.92,0.1680526964624011,-0.0377827246532792,-0.3774187552718901,0,0,0,0,Normal
201382,25,43556.64,1742.2656,4031.19,-0.8222685475331628,-1.8136355014813816,-2.8143773411114714,0,0,0,0,Normal
201383,29,73409.76,2531.3710344827587,4958.56,-0.16205438486945356,-0.09604189845127016,0.10612017155989399,0,0,0,0,Normal
201384,39,78611.83,2015.6879487179488,4945.26,1.4884810217898197,0.20325821338008498,-1.8024348877396343,0,0,0,0,Normal
201385,27,64161.44,2376.34962962963,4638.28,-0.4921614662013082,-0.6281422374032936,-0.4676176428059954,0,0,0,0,Normal
201386,38,105356.63,2772.5428947368423,4912.37,1.3234274811238924,1.7420152141330962,0.9987028192260553,0,0,0,0,Normal
201387,32,76583.59,2393.2371875,4946.04,0.33310623712832843,0.08656380926387193,-0.40511639949896155,0,0,0,0,Normal
201388,35,103589.41,2959.6974285714286,4976.92,0.8282668591261104,1.640338546262305,1.6913660891316191,0,0,0,0,Normal
201389,30,80198.24,2673.2746666666667,4934.34,0.002999155796473763,0.29453201215833685,0.6313088050709342,0,0,0,0,Normal
201390,31,76001.86,2451.6729032258063,4628.39,0.1680526964624011,0.05309408393229185,-0.1888444604516106,0,0,0,0,Normal
201391,23,54783.83,2381.905652173913,4836.36,-1.1523756288650175,-1.1676812520091775,-0.44705467452335873,0,0,0,0,Normal
201392,25,72732.1,2909.284,4997.89,-0.8222685475331628,-0.1350309381573165,1.5047848208824655,0,0,0,0,Normal
201393,27,61186.97,2266.184074074074,4987.52,-0.4921614662013082,-0.799277805290502,-0.8753429186976158,0,0,0,0,Normal
201394,30,77447.09,2581.5696666666668,4891.77,0.002999155796473763,0.13624511815944135,0.2919064733976259,0,0,0,0,Normal
201395,30,91993.07,3066.4356666666667,4928.6,0.002999155796473763,0.9731453214817058,2.0864067836218276,0,0,1,1,Low Anomaly Signal
201396,37,91525.53,2473.662972972973,4775.14,1.158373940457965,0.9462454961649313,-0.10745870235939042,0,0,0,0,Normal
201397,34,96473.73,2837.462647058823,4992.5,0.663213318460183,1.2309392456461778,1.2389723280830862,0,0,0,0,Normal
201398,36,91635.45,2545.429166666667,4789.22,0.9933203997920377,0.9525697225387597,0.15814964478589041,0,0,0,0,Normal
201399,26,52225.03,2008.655,4906.72,-0.6572150068672356,-1.3149013252019779,-1.8284639940414786,0,0,0,0,Normal
201400,30,58309.82,1943.6606666666667,4405.02,0.002999155796473763,-0.9648140854166023,-2.0690095289510864,0,0,0,0,Normal
201401,24,60321.32,2513.3883333333333,4993.22,-0.9873220881990902,-0.8490828140287182,0.039565777580293685,0,0,0,0,Normal
201402,33,74614.75,2261.0530303030305,4994.42,0.49815977779425574,-0.02671302710665816,-0.8943330306850754,0,0,0,0,Normal
201403,39,101682.25,2607.2371794871797,4825.04,1.4884810217898197,1.530610457005473,0.3869025335855832,0,0,0,0,Normal
201404,38,101854.97,2680.393947368421,4886.65,1.3234274811238924,1.5405478694807977,0.6576574280469132,0,0,0,0,Normal
201405,65,154569.53,2377.992769230769,4964.92,5.77987307910393,4.573470091431033,-0.46153634503715546,1,1,0,2,Moderate Anomaly Signal
201406,46,114931.0,2498.5,4909.7,2.643855806451311,2.292874778059527,-0.015536289352401068,1,1,0,2,Moderate Anomaly Signal
201407,26,63209.66,2431.1407692307694,4941.09,-0.6572150068672356,-0.6829027193727493,-0.26483436451512227,0,0,0,0,Normal
201408,31,67772.66,2186.2148387096777,4951.46,0.1680526964624011,-0.4203713789089586,-1.1713109132977764,0,0,0,0,Normal
201409,30,68255.82,2275.1940000000004,4857.77,0.002999155796473763,-0.39257285985165286,-0.8419969739022043,0,0,0,0,Normal
201410,29,71285.19,2458.11,4934.71,-0.16205438486945356,-0.2182786308661625,-0.1650206160116333,0,0,0,0,Normal
201411,26,60789.94,2338.0746153846153,4925.26,-0.6572150068672356,-0.8221208511165679,-0.6092743581387148,0,0,0,0,Normal
201412,23,55424.13,2409.7447826086955,4978.52,-1.1523756288650175,-1.1308417128246577,-0.3440214071843639,0,0,0,0,Normal
201413,27,61089.18,2262.5622222222223,4882.42,-0.4921614662013082,-0.8049041344125608,-0.8887474763934204,0,0,0,0,Normal
201414,29,82055.95,2829.5155172413793,4834.34,-0.16205438486945356,0.40141500503429267,1.2095598163318082,0,0,0,0,Normal
201415,26,60669.75,2333.451923076923,4852.49,-0.6572150068672356,-0.8290359599945744,-0.626383049571451,0,0,0,0,Normal
201416,32,80087.77,2502.7428125,4988.64,0.33310623712832843,0.2881761416387148,0.00016645810251090878,0,0,0,0,Normal
201417,23,58843.2,2558.4,4869.16,-1.1523756288650175,-0.9341261681743108,0.20615499975104165,0,0,0,0,Normal
201418,31,83981.8,2709.090322580645,4947.27,0.1680526964624011,0.5122184198999935,0.7638633781870477,0,0,0,0,Normal
201419,36,102612.19,2850.3386111111113,4948.94,0.9933203997920377,1.5841143787128802,1.2866265696390349,0,0,0,0,Normal
201420,30,70792.73,2359.7576666666664,4545.13,0.002999155796473763,-0.2466122236614288,-0.5290248825057605,0,0,0,0,Normal
201421,36,82378.74,2288.2983333333336,4917.32,0.9933203997920377,0.4199866665263613,-0.7934975323411384,0,0,0,0,Normal
201422,33,99142.76,3004.3260606060603,4901.06,0.49815977779425574,1.384501381004072,1.8565376912464886,0,0,0,0,Normal
201423,29,53945.13,1860.176896551724,4254.09,-0.16205438486945356,-1.2159356976035196,-2.3779848981663965,0,0,0,0,Normal
201424,26,65923.5,2535.519230769231,4787.0,-0.6572150068672356,-0.5267624491548547,0.12147274221435399,0,0,0,0,Normal
201425,30,68022.97,2267.432333333333,4981.46,0.002999155796473763,-0.4059698404843496,-0.8707230822314977,0,0,0,0,Normal
201426,25,65644.62,2625.7848,4822.03,-0.8222685475331628,-0.5428077571164026,0.45554770722979965,0,0,0,0,Normal
201427,33,85010.52,2576.0763636363636,4979.28,0.49815977779425574,0.5714056301918872,0.27157563149071834,0,0,0,0,Normal
201428,42,98191.81,2337.900238095238,4894.0,1.9836416437876017,1.329788652927359,-0.6099197325305752,0,0,0,0,Normal
201429,20,46675.97,2333.7985,4088.52,-1.6475362508627995,-1.6341654409403084,-0.6251003603418943,0,0,0,0,Normal
201430,20,58283.15,2914.1575000000003,4985.66,-1.6475362508627995,-0.9663485388135273,1.522821757400757,0,0,0,0,Normal
201431,34,81758.36,2404.6576470588234,4971.05,0.663213318460183,0.38429322076766576,-0.3628490138270198,0,0,0,0,Normal
201432,28,72414.98,2586.2492857142856,4903.07,-0.3271079255353809,-0.153276377273661,0.3092258520149823,0,0,0,0,Normal
201433,27,66743.91,2471.996666666667,4739.61,-0.4921614662013082,-0.47956031524516823,-0.11362574064129674,0,0,0,0,Normal
201434,39,125505.77,3218.096666666667,4927.11,1.4884810217898197,2.9012921664435463,2.64770766169724,0,1,1,2,Moderate Anomaly Signal
201435,29,79927.43,2756.118275862069,4802.3,-0.16205438486945356,0.27895101011779283,0.9379149238774536,0,0,0,0,Normal
201436,31,72629.06,2342.8729032258066,4844.89,0.1680526964624011,-0.14095932503467595,-0.5915157835643731,0,0,0,0,Normal
201437,19,51548.24,2713.0652631578946,4744.52,-1.8125897915287268,-1.353840309622861,0.7785747254438095,0,0,0,0,Normal
201438,31,72294.69,2332.0867741935485,4971.2,0.1680526964624011,-0.1601972396327203,-0.6314354972471335,0,0,0,0,Normal
201439,41,115440.09,2815.6119512195123,4903.29,1.8185881031216744,2.3221651747539624,1.1581023960559733,0,1,0,1,Low Anomaly Signal
201440,35,83189.18,2376.833714285714,4653.26,0.8282668591261104,0.46661517837502914,-0.4658260342677233,0,0,0,0,Normal
201441,23,63439.44,2758.2365217391307,4823.26,-1.1523756288650175,-0.6696823706083904,0.9457546009913748,0,0,0,0,Normal
201442,28,58386.22,2085.222142857143,4904.25,-0.3271079255353809,-0.9604184258918523,-1.545087222706463,0,0,0,0,Normal
201443,27,72464.75,2683.8796296296296,4884.35,-0.4921614662013082,-0.1504128697534147,0.6705580189299242,0,0,0,0,Normal
201444,33,86453.19,2619.7936363636363,4764.33,0.49815977779425574,0.6544093753040714,0.43337427167428866,0,0,0,0,Normal
201445,27,67984.68000000001,2517.9511111111115,4998.4,-0.4921614662013082,-0.40817284837967216,0.05645272394837675,0,0,0,0,Normal
201446,28,76372.9,2727.6035714285713,4681.53,-0.3271079255353809,0.07444180003259498,0.8323813415023996,0,0,0,0,Normal
201447,35,78406.28,2240.1794285714286,4929.79,0.8282668591261104,0.19143193307494957,-0.9715867147603787,0,0,0,0,Normal
201448,25,61345.28,2453.8112,4955.02,-0.8222685475331628,-0.7901694694349635,-0.180930574502416,0,0,0,0,Normal
201449,31,72884.75,2351.1209677419356,4737.2,0.1680526964624011,-0.12624824932939713,-0.5609895055144731,0,0,0,0,Normal
201450,24,66486.71,2770.2795833333334,4952.6,-0.9873220881990902,-0.49435826851435216,0.9903262512346297,0,0,0,0,Normal
201451,33,84177.45999999999,2550.832121212121,4855.7,0.49815977779425574,0.523475680928953,0.1781461048551563,0,0,0,0,Normal
201452,46,123762.81,2690.495869565217,4949.58,2.643855806451311,2.8010112930762943,0.6950448763646169,1,1,0,2,Moderate Anomaly Signal
201453,23,65318.0,2839.913043478261,4763.87,-1.1523756288650175,-0.5615997769328134,1.2480413020570365,0,0,0,0,Normal
201454,33,89569.67,2714.2324242424243,4914.21,0.49815977779425574,0.8337154616351241,0.7828944156845565,0,0,0,0,Normal
201455,34,87071.08,2560.914117647059,4996.88,0.663213318460183,0.6899595593845386,0.21545980746613652,0,0,0,0,Normal
201456,33,93539.78,2834.538787878788,4770.79,0.49815977779425574,1.062134988281782,1.2281510574523855,0,0,0,0,Normal
201457,27,60257.89,2231.7737037037036,4973.82,-0.4921614662013082,-0.8527322470608503,-1.002696497427738,0,0,0,0,Normal
201458,27,62210.22,2304.0822222222223,4922.76,-0.4921614662013082,-0.7404053104122259,-0.7350809935290644,0,0,0,0,Normal
201459,26,59515.29,2289.049615384615,4900.81,-0.6572150068672356,-0.8954575973629345,-0.790717020046833,0,0,0,0,Normal
201460,20,44698.06,2234.903,4645.89,-1.6475362508627995,-1.7479641180423766,-0.9911148992655923,0,0,0,0,Normal
201461,31,79303.11,2558.1648387096775,4948.67,0.1680526964624011,0.2430308772055965,0.20528466236207932,0,0,0,0,Normal
201462,35,80907.31999999999,2311.637714285714,4902.69,0.8282668591261104,0.3353287956113417,-0.7071179421873897,0,0,0,0,Normal
201463,29,76882.51,2651.1210344827587,4589.41,-0.16205438486945356,0.10376211482850832,0.5493176986072601,0,0,0,0,Normal
201464,35,97469.37,2784.8391428571426,4979.34,0.8282668591261104,1.2882232044056274,1.0442115186738878,0,0,0,0,Normal
201465,28,59202.11,2114.3610714285714,4583.76,-0.3271079255353809,-0.9134763493257769,-1.4372433723209348,0,0,0,0,Normal
201466,27,77695.22,2877.600740740741,4996.63,-0.4921614662013082,0.15052123069708798,1.3875243436172946,0,0,0,0,Normal
201467,33,89728.93000000001,2719.058484848485,4877.0,0.49815977779425574,0.84287845556067,0.800755777905741,0,0,0,0,Normal
201468,31,82960.57,2676.147419354839,4953.19,0.1680526964624011,0.45346214533899504,0.6419409293900703,0,0,0,0,Normal
201469,34,72931.37000000001,2145.040294117647,4993.22,0.663213318460183,-0.12356597646233061,-1.3236988576859972,0,0,0,0,Normal
201470,34,96520.33,2838.833235294118,4718.78,0.663213318460183,1.2336203678170334,1.2440449069263666,0,0,0,0,Normal
201471,36,86743.83,2409.5508333333332,4965.24,0.9933203997920377,0.6711312926374915,-0.3447392179502359,0,0,0,0,Normal
201472,32,80472.63,2514.7696875,4776.49,0.33310623712832843,0.3103189888205896,0.044678201385248265,0,0,0,0,Normal
201473,25,67203.89,2688.1556,4805.54,-0.8222685475331628,-0.4530954530960266,0.6863834844320204,0,0,0,0,Normal
201474,28,73310.49,2618.2317857142857,4967.56,-0.3271079255353809,-0.1017533790929177,0.4275938262011403,0,0,0,0,Normal
201475,31,75968.65,2450.6016129032255,4805.69,0.1680526964624011,0.05118335287447809,-0.19280933077910614,0,0,0,0,Normal
201476,29,68008.55,2345.1224137931035,4830.84,-0.16205438486945356,-0.4067994924522408,-0.5831902927878142,0,0,0,0,Normal
201477,30,65705.72,2190.190666666667,4166.04,0.002999155796473763,-0.5392923801928131,-1.1565962818280195,0,0,0,0,Normal
201478,19,46427.91,2443.574210526316,4916.26,-1.8125897915287268,-1.6484375260412174,-0.21881790994414158,0,0,0,0,Normal
201479,27,68773.12,2547.1525925925926,4923.49,-0.4921614662013082,-0.3628101023627386,0.1645280841046346,0,0,0,0,Normal
201480,37,89296.41,2413.4164864864865,4902.91,1.158373940457965,0.8179934993087743,-0.3304323459844706,0,0,0,0,Normal
201481,19,43147.56,2270.9242105263156,3901.58,-1.8125897915287268,-1.8371718417743748,-0.8577995637623294,0,0,0,0,Normal
201482,33,71217.67,2158.1112121212122,4959.72,0.49815977779425574,-0.22216338127337623,-1.275323087035317,0,0,0,0,Normal
201483,37,87099.55,2354.041891891892,4681.63,1.158373940457965,0.6915975754404238,-0.5501790974981584,0,0,0,0,Normal
201484,32,87795.84,2743.62,4880.77,0.33310623712832843,0.7316584886667072,0.8916585150722363,0,0,0,0,Normal
201485,34,77886.55,2290.7808823529413,4810.4,0.663213318460183,0.16152936599643875,-0.7843095608483287,0,0,0,0,Normal
201486,31,75414.87,2432.737741935484,4981.44,0.1680526964624011,0.01932172549730568,-0.2589239315005785,0,0,0,0,Normal
201487,41,117970.56999999999,2877.330975609756,4967.22,1.8185881031216744,2.4677558621124573,1.3865259366115648,0,1,0,1,Low Anomaly Signal
201488,33,81728.46,2476.6200000000003,4954.72,0.49815977779425574,0.3825729299327182,-0.09651467675779744,0,0,0,0,Normal
201489,32,75538.16,2360.5675,4947.88,0.33310623712832843,0.026415192287965968,-0.5260276705587541,0,0,0,0,Normal
201490,37,106722.73,2884.398108108108,4965.12,1.158373940457965,1.8206135188027395,1.4126815578774155,0,0,0,0,Normal
201491,21,51286.72,2442.224761904762,4877.9,-1.482482710196872,-1.368886813273549,-0.22381225058673232,0,0,0,0,Normal
201492,26,67671.29,2602.741923076923,4532.0,-0.6572150068672356,-0.4262036826527274,0.37026548536454224,0,0,0,0,Normal
201493,31,84426.53,2723.436451612903,4948.52,0.1680526964624011,0.5378058761885012,0.8169587344275417,0,0,0,0,Normal
201494,30,86601.84,2886.728,4824.09,0.002999155796473763,0.6629619248898573,1.4213045418003745,0,0,0,0,Normal
201495,30,78359.05,2611.9683333333332,4816.61,0.002999155796473763,0.1887145639734585,0.40441264368742785,0,0,0,0,Normal
201496,29,70092.26,2416.9744827586205,4901.84,-0.16205438486945356,-0.28691363239574214,-0.31726411927003606,0,0,0,0,Normal
201497,35,100964.1,2884.688571428572,4828.39,0.8282668591261104,1.4892918328209301,1.4137565693624057,0,0,0,0,Normal
201498,33,96896.69,2936.2633333333333,4940.61,0.49815977779425574,1.2552741691093745,1.60463595920998,0,0,0,0,Normal
201499,25,66567.06,2662.6823999999997,4841.72,-0.8222685475331628,-0.489735346487996,0.592106580498967,0,0,0,0,Normal
201500,31,79481.41,2563.9164516129035,4891.7,0.1680526964624011,0.25328933392369746,0.22657151509897702,0,0,0,0,Normal
201501,27,56016.32,2074.6785185185186,4943.58,-0.4921614662013082,-1.0967701733748982,-1.5841094208943103,0,0,0,0,Normal
201502,29,69240.7,2387.6103448275862,4747.7,-0.16205438486945356,-0.3359079756535429,-0.4259414747181543,0,0,0,0,Normal
201503,32,83250.3,2601.571875,4950.63,0.33310623712832843,0.4701317059948296,0.36593511029799786,0,0,0,0,Normal
201504,28,75840.23,2708.5796428571425,4783.44,-0.3271079255353809,0.043794732505782155,0.7619733406875105,0,0,0,0,Normal
201505,31,73691.06,2377.1309677419354,4832.71,0.1680526964624011,-0.07985735624823156,-0.464725892332829,0,0,0,0,Normal
201506,26,76495.64,2942.14,4892.23,-0.6572150068672356,0.08150362267746175,1.6263856388254145,0,0,0,0,Normal
201507,28,62025.61,2215.2003571428572,4522.96,-0.3271079255353809,-0.7510268117847922,-1.0640348373915467,0,0,0,0,Normal
201508,38,95008.3,2500.2184210526316,4590.11,1.3234274811238924,1.1466260082462543,-0.009176373185783536,0,0,0,0,Normal
201509,31,78407.32,2529.2683870967744,4911.94,0.1680526964624011,0.19149176927790476,0.09833822482318559,0,0,0,0,Normal
201510,26,60497.63,2326.831923076923,4877.25,-0.6572150068672356,-0.838938851583579,-0.6508838230917309,0,0,0,0,Normal
201511,32,68188.59,2130.8934375,4924.17,0.33310623712832843,-0.3964409251638123,-1.376056702098815,0,0,0,0,Normal
201512,28,64737.45,2312.0517857142854,4631.91,-0.3271079255353809,-0.5950016111879645,-0.7055854542277755,0,0,0,0,Normal
201513,23,63510.34,2761.3191304347824,4928.86,-1.1523756288650175,-0.6656031525415744,0.9571634072608325,0,0,0,0,Normal
201514,39,87805.56999999999,2251.4248717948717,4943.82,1.4884810217898197,0.7322183023731967,-0.9299670686043742,0,0,0,0,Normal
201515,26,52554.12,2021.3123076923077,4611.78,-0.6572150068672356,-1.2959671944035493,-1.78161900474454,0,0,0,0,Normal
201516,28,73097.07,2610.609642857143,4843.84,-0.3271079255353809,-0.11403245835695053,0.39938409872650715,0,0,0,0,Normal
201517,39,87862.29,2252.8792307692306,4978.97,1.4884810217898197,0.7354816768266498,-0.9245844523131423,0,0,0,0,Normal
201518,38,90105.45999999999,2371.1963157894734,4888.31,1.3234274811238924,0.8645420377708007,-0.4866901768356931,0,0,0,0,Normal
201519,29,66235.41,2283.979655172414,4973.46,-0.16205438486945356,-0.5088167664013895,-0.8094810603664668,0,0,0,0,Normal
201520,27,57962.76,2146.768888888889,4579.08,-0.4921614662013082,-0.9847821167603154,-1.3173012883508715,0,0,0,0,Normal
201521,25,62988.68,2519.5472,4953.3,-0.8222685475331628,-0.6956167618044147,0.06235988594005248,0,0,0,0,Normal
201522,23,63979.42,2781.713913043478,4654.0,-1.1523756288650175,-0.6386147236165788,1.0326449706582645,0,0,0,0,Normal
201523,27,58843.57,2179.3914814814816,4814.87,-0.4921614662013082,-0.9341048802944133,-1.1965643166355406,0,0,0,0,Normal
201524,35,89579.51,2559.4145714285714,4874.97,0.8282668591261104,0.8342816041707724,0.20990995213647576,0,0,0,0,Normal
201525,27,73188.53,2710.6862962962964,4865.86,-0.4921614662013082,-0.1087703245855685,0.7697701139199017,0,0,0,0,Normal
201526,25,59381.76,2375.2704,4695.18,-0.8222685475331628,-0.903140220613456,-0.47161189669299525,0,0,0,0,Normal
201527,31,85688.49,2764.1448387096775,4870.81,0.1680526964624011,0.6104125056891996,0.9676214191154527,0,0,0,0,Normal
201528,29,66697.63,2299.918275862069,4885.55,-0.16205438486945356,-0.48222302627665276,-0.7504918555714676,0,0,0,0,Normal
201529,24,67007.56,2791.9816666666666,4855.66,-0.9873220881990902,-0.46439126244804424,1.070646164930739,0,0,0,0,Normal
201530,27,54972.880000000005,2036.0325925925927,4854.38,-0.4921614662013082,-1.1568042960778429,-1.7271388889596635,0,0,0,0,Normal
201531,32,97912.06,3059.751875,4991.78,0.33310623712832843,1.3136932896806475,2.061669915663861,0,0,1,1,Low Anomaly Signal
201532,27,63133.94,2338.294074074074,4945.75,-0.4921614662013082,-0.6872592552263366,-0.6084621364396983,0,0,0,0,Normal
201533,24,60091.52,2503.813333333333,4938.49,-0.9873220881990902,-0.862304313489288,0.004128480532455261,0,0,0,0,Normal
201534,33,83923.02,2543.1218181818185,4932.65,0.49815977779425574,0.5088365237368417,0.14961009453519114,0,0,0,0,Normal
201535,34,78435.79,2306.935,4965.24,0.663213318460183,0.19312978533378916,-0.7245227968165239,0,0,0,0,Normal
201536,27,57899.9,2144.4407407407407,4997.82,-0.4921614662013082,-0.9883987549504434,-1.3259178186377953,0,0,0,0,Normal
201537,18,42307.42,2350.412222222222,4947.56,-1.977643332194654,-1.8855091374958846,-0.5636125891190065,0,0,0,0,Normal
201538,33,81290.26,2463.341212121212,4821.58,0.49815977779425574,0.3573611759569925,-0.14565977863725982,0,0,0,0,Normal
201539,23,62939.1,2736.4826086956523,4830.21,-1.1523756288650175,-0.6984693377106596,0.8652428643360673,0,0,0,0,Normal
201540,28,54755.79,1955.5639285714285,4950.96,-0.3271079255353809,-1.1692945280965334,-2.0249552806004596,0,0,0,0,Normal
201541,37,92354.56999999999,2496.0694594594593,4862.85,1.158373940457965,0.9939441554895202,-0.02453177625808809,0,0,0,0,Normal
201542,22,64152.64,2916.029090909091,4479.88,-1.3174291695309448,-0.6286485437359874,1.5297485587581958,0,0,0,0,Normal
201543,36,97044.88,2695.6911111111112,4978.87,0.9933203997920377,1.2638002526823156,0.7142725858055687,0,0,0,0,Normal
201544,33,86128.98,2609.969090909091,4940.12,0.49815977779425574,0.6357560143810455,0.3970134011121262,0,0,0,0,Normal
201545,24,56116.63,2338.1929166666664,4753.86,-0.9873220881990902,-1.0909988565302955,-0.6088365223503925,0,0,0,0,Normal
201546,31,93373.78,3012.0574193548387,4966.67,0.1680526964624011,1.0525842097332418,1.8851516292688233,0,0,0,0,Normal
201547,19,57516.06,3027.161052631579,4826.05,-1.8125897915287268,-1.0104829166255742,1.9410505262849538,0,0,0,0,Normal
201548,31,82396.39,2657.948064516129,4868.03,0.1680526964624011,0.421002155932275,0.5745846950821475,0,0,0,0,Normal
201549,29,76704.66,2644.9882758620693,4983.68,-0.16205438486945356,0.09352954877514806,0.5266202167311185,0,0,0,0,Normal
201550,23,55275.55,2403.284782608696,4714.35,-1.1523756288650175,-1.1393902349737062,-0.3679300169941827,0,0,0,0,Normal
201551,31,60111.17,1939.07,4533.65,0.1680526964624011,-0.861173754462307,-2.0859996927437,0,0,0,0,Normal
201552,26,74611.62,2869.6776923076923,4947.93,-0.6572150068672356,-0.026893111063627892,1.3582009576281198,0,0,0,0,Normal
201553,32,87488.27,2734.0084375,4960.91,0.33310623712832843,0.7139625069909574,0.8560858993640017,0,0,0,0,Normal
201554,27,68154.96,2524.257777777778,4960.33,-0.4921614662013082,-0.3983758208420491,0.07979384353567193,0,0,0,0,Normal
201555,31,90549.15,2920.940322580645,4982.9,0.1680526964624011,0.8900696578563542,1.54792514106792,0,0,0,0,Normal
201556,28,52797.21,1885.6146428571428,4992.9,-0.3271079255353809,-1.2819810573109913,-2.283839209179174,0,0,0,0,Normal
201557,21,54443.909999999996,2592.5671428571427,4803.78,-1.482482710196872,-1.1872384848056827,0.3326083878141705,0,0,0,0,Normal
201558,27,78933.38,2923.4585185185188,4964.09,-0.4921614662013082,0.22175853170709195,1.5572450426318982,0,0,0,0,Normal
201559,25,68735.41,2749.4164,4749.05,-0.8222685475331628,-0.3649797400679517,0.9131111258929246,0,0,0,0,Normal
201560,31,81700.85,2635.511290322581,4961.93,0.1680526964624011,0.38098439381389165,0.4915456734746265,0,0,0,0,Normal
201561,27,81886.0,3032.814814814815,4951.46,-0.4921614662013082,0.3916369639841457,1.9619752312379728,0,0,0,0,Normal
201562,32,91187.3,2849.603125,4952.29,0.33310623712832843,0.926785497198228,1.283904518485614,0,0,0,0,Normal
201563,26,65062.729999999996,2502.412692307692,4899.07,-0.6572150068672356,-0.5762866880176682,-0.0010553243848326324,0,0,0,0,Normal
201564,32,70834.3,2213.571875,4996.56,0.33310623712832843,-0.24422050158755598,-1.070061887567372,0,0,0,0,Normal
201565,21,47642.28,2268.68,4254.55,-1.482482710196872,-1.5785689781738028,-0.866105438964307,0,0,0,0,Normal
201566,28,75480.2,2695.7214285714285,4691.61,-0.3271079255353809,0.023080474669451175,0.7143847914292764,0,0,0,0,Normal
201567,25,58539.69,2341.5876000000003,4736.34,-0.8222685475331628,-0.9515885585192952,-0.5962727206097455,0,0,0,0,Normal
201568,30,65856.06999999999,2195.202333333333,4921.11,0.002999155796473763,-0.5306420214291206,-1.1380479872722598,0,0,0,0,Normal
201569,36,99625.85,2767.3847222222225,4989.61,0.9933203997920377,1.4122958726246408,0.9796123031294944,0,0,0,0,Normal
201570,29,54423.479999999996,1876.6717241379308,4672.04,-0.16205438486945356,-1.1884139209848796,-2.316937158748613,0,0,0,0,Normal
201571,26,74863.64,2879.3707692307694,4972.52,-0.6572150068672356,-0.012393188113006458,1.3940752601065136,0,0,0,0,Normal
201572,26,74499.65,2865.3711538461534,4839.32,-0.6572150068672356,-0.03333528379904997,1.3422623589117242,0,0,0,0,Normal
201573,35,91110.33,2603.152285714286,4963.19,0.8282668591261104,0.922357042831474,0.37178424700188617,0,0,0,0,Normal
201574,23,51395.96,2234.606956521739,4822.07,-1.1523756288650175,-1.3626017105708832,-0.9922105630439947,0,0,0,0,Normal
201575,24,44219.979999999996,1842.4991666666665,4677.24,-0.9873220881990902,-1.7754703602621726,-2.4434105864241733,0,0,0,0,Normal
201576,18,52073.4,2892.9666666666667,4975.95,-1.977643332194654,-1.3236253285231534,1.444393991810725,0,0,0,0,Normal
201577,22,58197.64,2645.347272727273,4894.06,-1.3174291695309448,-0.9712683404622363,0.5279488724545088,0,0,0,0,Normal
201578,28,61542.17,2197.934642857143,4709.1,-0.3271079255353809,-0.7788414405890473,-1.1279356463613581,0,0,0,0,Normal
201579,26,49793.06,1915.1176923076923,4483.91,-0.6572150068672356,-1.4548242583748303,-2.17464773897592,0,0,0,0,Normal
201580,20,54159.34,2707.9669999999996,4952.13,-1.6475362508627995,-1.2036111658391653,0.7597059352658074,0,0,0,0,Normal
201581,28,72116.13,2575.5760714285716,4973.12,-0.3271079255353809,-0.17047065540155965,0.2697240384277165,0,0,0,0,Normal
201582,37,100822.63,2724.935945945946,4961.05,1.158373940457965,1.4811523831747735,0.8225083977279692,0,0,0,0,Normal
201583,32,73045.18,2282.661875,4998.71,0.33310623712832843,-0.11701793967552816,-0.8143581953443875,0,0,0,0,Normal
201584,19,42364.9,2229.7315789473687,4580.74,-1.8125897915287268,-1.882202036586426,-1.0102544485085718,0,0,0,0,Normal
201585,26,64078.37,2464.5526923076923,4962.01,-0.6572150068672356,-0.632921654114301,-0.14117606237241623,0,0,0,0,Normal
201586,27,89642.0,3320.074074074074,4771.12,-0.4921614662013082,0.8378769544810032,3.025128411406339,0,0,1,1,Low Anomaly Signal
201587,27,57073.53,2113.834444444444,4866.05,-0.4921614662013082,-1.0359437963309086,-1.439192431001867,0,0,0,0,Normal
201588,34,94896.03,2791.059705882353,4954.59,0.663213318460183,1.1401665750676722,1.0672339666873776,0,0,0,0,Normal
201589,20,42474.31,2123.7155,4978.06,-1.6475362508627995,-1.8759071529659697,-1.4026224152453752,0,0,0,0,Normal
201590,28,67211.54000000001,2400.412142857143,4968.63,-0.3271079255353809,-0.45265531179544577,-0.37856172333227217,0,0,0,0,Normal
201591,31,65083.44,2099.465806451613,4897.37,0.1680526964624011,-0.5750951420915217,-1.492371093427434,0,0,0,0,Normal
201592,26,58678.83,2256.878076923077,4891.08,-0.6572150068672356,-0.9435831649816814,-0.9097846299630161,0,0,0,0,Normal
201593,26,57016.479999999996,2192.941538461538,4474.91,-0.6572150068672356,-1.039226157271838,-1.1464152415214535,0,0,0,0,Normal
201594,35,81869.34,2339.124,4823.11,0.8282668591261104,0.3906784340406595,-0.6053905613415543,0,0,0,0,Normal
201595,31,72000.75,2322.6048387096776,4985.93,0.1680526964624011,-0.17710902184090074,-0.6665283603625765,0,0,0,0,Normal
201596,29,69486.33,2396.0803448275865,4800.91,-0.16205438486945356,-0.3217757001422297,-0.3945938082956799,0,0,0,0,Normal
201597,41,100147.67,2442.6260975609757,4972.33,1.8185881031216744,1.4423186874571663,-0.22232689801596145,0,0,0,0,Normal
201598,30,66849.96,2228.3320000000003,4451.26,0.002999155796473763,-0.47345874858810366,-1.0154343226495421,0,0,0,0,Normal
201599,27,57854.26,2142.7503703703705,4935.46,-0.4921614662013082,-0.9910246437031865,-1.3321739185788575,0,0,0,0,Normal
201600,32,71313.0,2228.53125,4988.86,0.33310623712832843,-0.2166785877852295,-1.0146968937788612,0,0,0,0,Normal
201601,28,59763.77,2134.420357142857,4580.49,-0.3271079255353809,-0.8811613476416017,-1.3630034907100128,0,0,0,0,Normal
201602,27,60093.62,2225.6896296296295,4700.83,-0.4921614662013082,-0.8621834903871676,-1.0252137966678434,0,0,0,0,Normal
201603,37,85338.87,2306.455945945946,4577.19,1.158373940457965,0.5902971852305204,-0.7262957869800204,0,0,0,0,Normal
201604,37,101650.02,2747.297837837838,4996.4,1.158373940457965,1.5287561100619826,0.9052702782005124,0,0,0,0,Normal
201605,58,152235.6,2624.751724137931,4968.71,4.624498294442438,4.439187871082873,0.4517242695068663,1,1,0,2,Moderate Anomaly Signal
201606,28,64983.67,2320.845357142857,4769.72,-0.3271079255353809,-0.5808353901384368,-0.6730402424444153,0,0,0,0,Normal
201607,28,78321.02,2797.179285714286,4949.9,-0.3271079255353809,0.1865265151288743,1.0898826735607114,0,0,0,0,Normal
201608,25,67266.41,2690.6564000000003,4589.29,-0.8222685475331628,-0.44949837674147974,0.6956390032265102,0,0,0,0,Normal
201609,21,65484.52,3118.310476190476,4965.19,-1.482482710196872,-0.5520190802827959,2.2783966566657146,0,0,1,1,Low Anomaly Signal
201610,24,58582.97,2440.9570833333332,4977.16,-0.9873220881990902,-0.9490984519194108,-0.22850395837753157,0,0,0,0,Normal
201611,25,51686.729999999996,2067.4692,4867.11,-0.8222685475331628,-1.345872313712094,-1.6107912759181449,0,0,0,0,Normal
201612,25,60269.37,2410.7748,4753.77,-0.8222685475331628,-0.852071747435927,-0.34020928893265606,0,0,0,0,Normal
201613,24,61996.520000000004,2583.1883333333335,4974.54,-0.9873220881990902,-0.7527004994232079,0.2978971962684459,0,0,0,0,Normal
201614,29,86569.58,2985.1579310344828,4854.58,-0.16205438486945356,0.661105851902051,1.7855959991859738,0,0,0,0,Normal
201615,42,101630.06,2419.7633333333333,4758.71,1.9836416437876017,1.5276077152437362,-0.3069425186185343,0,0,0,0,Normal
201616,34,91950.37,2704.4226470588233,4979.26,0.663213318460183,0.9706885850719301,0.746588202835641,0,0,0,0,Normal
201617,32,96535.26,3016.726875,4870.47,0.33310623712832843,1.2344793625382964,1.9024333928979906,0,0,0,0,Normal
201618,38,99299.97,2613.157105263158,4911.04,1.3234274811238924,1.3935464285680244,0.4088123161677756,0,0,0,0,Normal
201619,33,74887.85,2269.3287878787883,4760.33,0.49815977779425574,-0.011000270349993077,-0.8637042599792771,0,0,0,0,Normal
201620,28,45242.39,1615.7996428571428,4055.06,-0.3271079255353809,-1.7166461946247444,-3.282430781290114,0,0,0,0,Normal
201621,29,65880.69,2271.747931034483,4831.07,-0.16205438486945356,-0.5292255143937884,-0.8547509550592151,0,0,0,0,Normal
201622,34,69437.9,2042.291176470588,4852.0,0.663213318460183,-0.3245621110163615,-1.7039757248882978,0,0,0,0,Normal
201623,35,76357.96,2181.6560000000004,4939.96,0.8282668591261104,0.07358222996322707,-1.1881832810834698,0,0,0,0,Normal
201624,27,70337.3,2605.0851851851853,4967.86,-0.4921614662013082,-0.27281530242264346,0.3789379527683479,0,0,0,0,Normal
201625,30,71981.2,2399.3733333333334,4448.77,0.002999155796473763,-0.1782338273868284,-0.3824063814702732,0,0,0,0,Normal
201626,35,93201.55,2662.901428571429,4973.6,0.8282668591261104,1.0426749893150788,0.5929172103211809,0,0,0,0,Normal
201627,27,74306.66,2752.0985185185186,4893.35,-0.4921614662013082,-0.0444389268838855,0.9230377087292951,0,0,0,0,Normal
201628,51,144345.47,2830.3033333333333,4930.33,3.4691235097809474,3.9852307364491737,1.2124755419578803,1,1,0,2,Moderate Anomaly Signal
201629,28,66451.52,2373.2685714285717,4949.82,-0.3271079255353809,-0.49638291849702176,-0.47902071065900553,0,0,0,0,Normal
201630,20,57251.62,2862.581,4936.76,-1.6475362508627995,-1.0256974219230197,1.3319359348223976,0,0,0,0,Normal
201631,34,76982.13,2264.180294117647,4885.44,0.663213318460183,0.10949373265384371,-0.8827589547847602,0,0,0,0,Normal
201632,37,81729.88,2208.9156756756756,4941.47,1.158373940457965,0.3826546293636755,-1.0872945892457035,0,0,0,0,Normal
201633,37,92448.62,2498.611351351351,4960.77,1.158373940457965,0.9993553044201843,-0.015124175418771445,0,0,0,0,Normal
201634,40,84866.28,2121.657,4482.37,1.653534562455747,0.5631068091205529,-1.4102409714827602,0,0,0,0,Normal
201635,32,91384.09,2855.7528125,4900.34,0.33310623712832843,0.9381077725630905,1.3066646545366702,0,0,0,0,Normal
201636,30,65293.64,2176.4546666666665,4884.16,0.002999155796473763,-0.5630013249174064,-1.2074335363710071,0,0,0,0,Normal
201637,36,84703.99,2352.8886111111115,4897.2,0.9933203997920377,0.5537694847190918,-0.5544474164128413,0,0,0,0,Normal
201638,44,115248.0,2619.2727272727275,4959.31,2.3137487251194564,2.311113312998607,0.43144637504875805,1,1,0,2,Moderate Anomaly Signal
201639,31,81603.38,2632.3670967741937,4963.31,0.1680526964624011,0.37537647583120354,0.47990894023701913,0,0,0,0,Normal
201640,33,77355.33,2344.100909090909,4880.45,0.49815977779425574,0.13096572394489914,-0.5869709053797121,0,0,0,0,Normal
201641,40,93404.58,2335.1145,4689.22,1.653534562455747,1.05435628189767,-0.6202298138233603,0,0,0,0,Normal
201642,32,84550.85,2642.2140625,4927.75,0.33310623712832843,0.5449586038340107,0.5163527887430536,0,0,0,0,Normal
201643,30,83676.53,2789.2176666666664,4980.85,0.002999155796473763,0.4946547682884698,1.060416536832543,0,0,0,0,Normal
201644,28,74912.22,2675.4364285714287,4985.32,-0.3271079255353809,-0.009598147017294993,0.6393095360125268,0,0,0,0,Normal
201645,20,55591.96,2779.598,4673.12,-1.6475362508627995,-1.1211856455728413,1.0248139274155361,0,0,0,0,Normal
201646,32,87515.51,2734.8596875,4824.47,0.33310623712832843,0.715529755229886,0.859236395354807,0,0,0,0,Normal
201647,25,53352.700000000004,2134.108,4417.87,-0.8222685475331628,-1.2500210454078065,-1.364159531739405,0,0,0,0,Normal
201648,29,59353.35,2046.6672413793103,4934.26,-0.16205438486945356,-0.9047747845807094,-1.6877798071785317,0,0,0,0,Normal
201649,25,72157.86,2886.3144,4674.05,-0.8222685475331628,-0.16806972775800214,1.419773798608836,0,0,0,0,Normal
201650,28,72482.02,2588.6435714285717,4912.79,-0.3271079255353809,-0.14941924357550307,0.3180871589679378,0,0,0,0,Normal
