CustomerID,CustomerType,AccountCount,TotalBalance,AverageBalance,TransactionCount,TotalTransactionValue,AverageTransactionValue,Cluster,Cluster_3,CustomerSegment
10000,Small Business,1.0,54403.26,54403.26,36.0,81668.04,2268.5566666666664,2,0,Core Active
10001,Small Business,1.0,20267.12,20267.12,34.0,79482.17,2337.710882352941,0,0,Core Active
10002,Individual,4.0,266582.75,66645.6875,124.0,323445.22,2608.429193548387,3,2,High-Value Active
10003,Large Enterprise,1.0,34279.17,34279.17,32.0,93491.58,2921.611875,0,0,Core Active
10004,Small Business,2.0,87029.08,43514.54,58.0,160128.79,2760.8412068965517,2,0,Core Active
10005,Individual,0.0,0.0,0.0,0.0,0.0,0.0,1,1,No Financial Relationship
10006,Large Enterprise,3.0,162691.56,54230.52,76.0,208451.1,2742.7776315789474,3,2,High-Value Active
10007,Individual,0.0,0.0,0.0,0.0,0.0,0.0,1,1,No Financial Relationship
10008,Individual,0.0,0.0,0.0,0.0,0.0,0.0,1,1,No Financial Relationship
10009,Small Business,2.0,156569.6,78284.8,76.0,191741.19,2522.910394736842,2,2,High-Value Active
10010,Large Enterprise,3.0,122810.14,40936.71333333333,91.0,218502.07,2401.121648351648,3,2,High-Value Active
10011,Small Business,1.0,65697.87,65697.87,40.0,100067.20999999999,2501.68025,2,0,Core Active
10012,Small Business,1.0,1278.55,1278.55,28.0,70462.8,2516.5285714285715,0,0,Core Active
10013,Large Enterprise,1.0,74732.41,74732.41,33.0,85010.52,2576.0763636363636,2,0,Core Active
10014,Large Enterprise,1.0,83513.23,83513.23,32.0,89288.62,2790.269375,2,0,Core Active
10015,Small Business,0.0,0.0,0.0,0.0,0.0,0.0,1,1,No Financial Relationship
10016,Individual,1.0,82326.71,82326.71,39.0,81924.36,2100.6246153846155,2,0,Core Active
10017,Individual,0.0,0.0,0.0,0.0,0.0,0.0,1,1,No Financial Relationship
10018,Individual,1.0,1818.33,1818.33,34.0,78408.48,2306.1317647058822,0,0,Core Active
10019,Large Enterprise,0.0,0.0,0.0,0.0,0.0,0.0,1,1,No Financial Relationship
10020,Small Business,3.0,133576.82,44525.60666666667,73.0,166751.58000000002,2284.2682191780823,3,2,High-Value Active
10021,Large Enterprise,1.0,18192.08,18192.08,30.0,79538.76,2651.292,0,0,Core Active
10022,Individual,0.0,0.0,0.0,0.0,0.0,0.0,1,1,No Financial Relationship
10023,Small Business,4.0,144870.91,36217.7275,126.0,308799.63,2450.7907142857143,3,2,High-Value Active
10024,Large Enterprise,3.0,72439.01000000001,24146.33666666667,96.0,232862.18,2425.6477083333334,3,2,High-Value Active
10025,Small Business,1.0,11829.41,11829.41,26.0,48248.51,1855.711923076923,0,0,Core Active
10026,Small Business,1.0,51455.37,51455.37,34.0,98713.46,2903.33705882353,0,0,Core Active
10027,Individual,2.0,151987.75,75993.875,60.0,142877.43,2381.2905,2,0,Core Active
10028,Large Enterprise,1.0,78312.0,78312.0,33.0,98457.59,2983.563333333333,2,0,Core Active
10029,Small Business,0.0,0.0,0.0,0.0,0.0,0.0,1,1,No Financial Relationship
10030,Large Enterprise,2.0,119335.76000000001,59667.880000000005,61.0,163964.77,2687.9470491803277,2,0,Core Active
10031,Small Business,0.0,0.0,0.0,0.0,0.0,0.0,1,1,No Financial Relationship
10032,Individual,1.0,1898.32,1898.32,39.0,87805.56999999999,2251.4248717948717,0,0,Core Active
10033,Individual,1.0,92935.51,92935.51,25.0,63207.36,2528.2944,2,0,Core Active
10034,Small Business,0.0,0.0,0.0,0.0,0.0,0.0,1,1,No Financial Relationship
10035,Large Enterprise,4.0,276684.53,69171.1325,166.0,422808.59,2547.039698795181,3,2,High-Value Active
10036,Large Enterprise,2.0,52966.75,26483.375,70.0,168209.34,2402.9905714285715,0,0,Core Active
10037,Individual,2.0,55059.95,27529.975,63.0,144523.07,2294.0169841269844,0,0,Core Active
10038,Small Business,1.0,13231.48,13231.48,25.0,60250.32,2410.0128,0,0,Core Active
10039,Large Enterprise,2.0,89259.07,44629.535,60.0,113869.74,1897.8290000000002,2,0,Core Active
10040,Individual,1.0,8485.52,8485.52,26.0,51119.3,1966.1269230769233,0,0,Core Active
10041,Large Enterprise,1.0,30914.75,30914.75,29.0,78228.09,2697.520344827586,0,0,Core Active
10042,Small Business,1.0,88473.99,88473.99,28.0,52082.32,1860.0828571428572,2,0,Core Active
10043,Large Enterprise,2.0,169216.84,84608.42,57.0,125651.09,2204.405087719298,2,0,Core Active
10044,Large Enterprise,1.0,10177.2,10177.2,29.0,70641.55,2435.9155172413793,0,0,Core Active
10045,Individual,3.0,153375.39,51125.130000000005,88.0,220153.56,2501.745,3,2,High-Value Active
10046,Individual,2.0,74860.48999999999,37430.244999999995,61.0,148696.97,2437.6552459016393,0,0,Core Active
10047,Individual,2.0,114101.94,57050.97,62.0,169087.96,2727.2251612903224,2,0,Core Active
10048,Small Business,3.0,103798.12,34599.37333333333,101.0,247737.2,2452.8435643564358,3,2,High-Value Active
10049,Individual,1.0,80075.41,80075.41,28.0,84494.37,3017.656071428571,2,0,Core Active
10050,Small Business,2.0,43874.98,21937.49,58.0,150436.71,2593.7363793103445,0,0,Core Active
10051,Small Business,1.0,52774.42,52774.42,21.0,67068.76,3193.750476190476,0,0,Core Active
10052,Large Enterprise,1.0,30095.9,30095.9,21.0,58535.75,2787.4166666666665,0,0,Core Active
10053,Large Enterprise,2.0,143937.62,71968.81,77.0,201344.72,2614.8664935064935,2,2,High-Value Active
10054,Large Enterprise,1.0,42064.37,42064.37,28.0,72197.19,2578.4710714285716,0,0,Core Active
10055,Individual,1.0,46463.91,46463.91,25.0,64653.229999999996,2586.1292,0,0,Core Active
10056,Small Business,3.0,134337.81,44779.27,66.0,163556.15,2478.1234848484846,3,2,High-Value Active
10057,Large Enterprise,0.0,0.0,0.0,0.0,0.0,0.0,1,1,No Financial Relationship
10058,Individual,3.0,140239.97999999998,46746.659999999996,91.0,235959.62,2592.962857142857,3,2,High-Value Active
10059,Small Business,0.0,0.0,0.0,0.0,0.0,0.0,1,1,No Financial Relationship
10060,Large Enterprise,2.0,102100.33,51050.165,66.0,168150.51,2547.735,2,0,Core Active
10061,Individual,3.0,157374.59,52458.19666666666,91.0,222801.95,2448.373076923077,3,2,High-Value Active
10062,Small Business,2.0,50299.19,25149.595,65.0,158962.95,2445.5838461538465,0,0,Core Active
10063,Small Business,0.0,0.0,0.0,0.0,0.0,0.0,1,1,No Financial Relationship
10064,Small Business,0.0,0.0,0.0,0.0,0.0,0.0,1,1,No Financial Relationship
10065,Large Enterprise,1.0,86936.53,86936.53,29.0,60110.09,2072.7617241379307,2,0,Core Active
10066,Small Business,3.0,72568.26,24189.42,82.0,193933.62,2365.044146341463,3,2,High-Value Active
10067,Small Business,2.0,95769.81,47884.905,60.0,148338.9,2472.315,2,0,Core Active
10068,Individual,0.0,0.0,0.0,0.0,0.0,0.0,1,1,No Financial Relationship
10069,Small Business,0.0,0.0,0.0,0.0,0.0,0.0,1,1,No Financial Relationship
10070,Individual,0.0,0.0,0.0,0.0,0.0,0.0,1,1,No Financial Relationship
10071,Individual,4.0,126762.04999999999,31690.512499999997,109.0,281944.92,2586.6506422018347,3,2,High-Value Active
10072,Large Enterprise,5.0,349192.47,69838.49399999999,143.0,341451.34,2387.7716083916084,3,2,High-Value Active
10073,Small Business,0.0,0.0,0.0,0.0,0.0,0.0,1,1,No Financial Relationship
10074,Large Enterprise,0.0,0.0,0.0,0.0,0.0,0.0,1,1,No Financial Relationship
10075,Large Enterprise,3.0,117277.82999999999,39092.60999999999,93.0,223379.41,2401.929139784946,3,2,High-Value Active
10076,Large Enterprise,0.0,0.0,0.0,0.0,0.0,0.0,1,1,No Financial Relationship
10077,Small Business,1.0,35001.41,35001.41,30.0,90655.3,3021.8433333333332,0,0,Core Active
10078,Individual,1.0,35753.88,35753.88,28.0,69584.82,2485.172142857143,0,0,Core Active
10079,Small Business,1.0,84232.06,84232.06,30.0,78443.38,2614.7793333333334,2,0,Core Active
10080,Large Enterprise,1.0,39998.22,39998.22,25.0,61267.24,2450.6895999999997,0,0,Core Active
10081,Large Enterprise,1.0,8550.22,8550.22,24.0,55768.49,2323.6870833333332,0,0,Core Active
10082,Small Business,1.0,25320.55,25320.55,26.0,72984.03,2807.078076923077,0,0,Core Active
10083,Individual,2.0,127593.29000000001,63796.645000000004,51.0,128439.76,2518.4266666666667,2,0,Core Active
10084,Small Business,0.0,0.0,0.0,0.0,0.0,0.0,1,1,No Financial Relationship
10085,Small Business,0.0,0.0,0.0,0.0,0.0,0.0,1,1,No Financial Relationship
10086,Individual,1.0,77670.14,77670.14,34.0,94119.33,2768.215588235294,2,0,Core Active
10087,Small Business,1.0,31944.6,31944.6,28.0,69435.65,2479.844642857143,0,0,Core Active
10088,Large Enterprise,1.0,29015.04,29015.04,30.0,68546.15,2284.8716666666664,0,0,Core Active
10089,Large Enterprise,0.0,0.0,0.0,0.0,0.0,0.0,1,1,No Financial Relationship
10090,Individual,0.0,0.0,0.0,0.0,0.0,0.0,1,1,No Financial Relationship
10091,Large Enterprise,3.0,127463.97,42487.99,87.0,197528.4,2270.441379310345,3,2,High-Value Active
10092,Individual,2.0,86439.03,43219.515,66.0,151626.33,2297.368636363636,2,0,Core Active
10093,Small Business,1.0,55740.69,55740.69,28.0,73187.19,2613.8282142857142,2,0,Core Active
10094,Small Business,0.0,0.0,0.0,0.0,0.0,0.0,1,1,No Financial Relationship
10095,Individual,0.0,0.0,0.0,0.0,0.0,0.0,1,1,No Financial Relationship
10096,Large Enterprise,2.0,60268.8,30134.4,62.0,138562.42,2234.877741935484,0,0,Core Active
10097,Large Enterprise,0.0,0.0,0.0,0.0,0.0,0.0,1,1,No Financial Relationship
10098,Individual,0.0,0.0,0.0,0.0,0.0,0.0,1,1,No Financial Relationship
10099,Large Enterprise,2.0,71638.63,35819.315,48.0,121316.19,2527.420625,0,0,Core Active
10100,Individual,0.0,0.0,0.0,0.0,0.0,0.0,1,1,No Financial Relationship
10101,Small Business,1.0,26152.31,26152.31,22.0,55495.479999999996,2522.521818181818,0,0,Core Active
10102,Large Enterprise,1.0,39676.6,39676.6,29.0,77046.70999999999,2656.7831034482756,0,0,Core Active
10103,Large Enterprise,3.0,176396.75999999998,58798.91999999999,76.0,200305.97,2635.6048684210527,3,2,High-Value Active
10104,Individual,1.0,29107.64,29107.64,27.0,67071.38,2484.1251851851853,0,0,Core Active
10105,Small Business,1.0,79534.55,79534.55,36.0,107307.33,2980.7591666666667,2,0,Core Active
10106,Large Enterprise,5.0,316192.22,63238.443999999996,156.0,394248.22,2527.232179487179,3,2,High-Value Active
10107,Individual,3.0,248547.72999999998,82849.24333333333,86.0,232608.74,2704.7527906976743,3,2,High-Value Active
10108,Large Enterprise,0.0,0.0,0.0,0.0,0.0,0.0,1,1,No Financial Relationship
10109,Small Business,2.0,152290.74,76145.37,56.0,154094.62,2751.6896428571426,2,0,Core Active
10110,Small Business,2.0,71723.08,35861.54,63.0,153807.19,2441.3839682539683,0,0,Core Active
10111,Large Enterprise,1.0,89663.23,89663.23,28.0,69392.56999999999,2478.306071428571,2,0,Core Active
10112,Individual,3.0,170853.41,56951.136666666665,82.0,205598.7,2507.301219512195,3,2,High-Value Active
10113,Individual,2.0,134644.75,67322.375,60.0,171395.85,2856.5975000000003,2,0,Core Active
10114,Large Enterprise,2.0,183434.16999999998,91717.08499999999,59.0,137060.64,2323.0616949152545,2,0,Core Active
10115,Individual,1.0,87109.52,87109.52,29.0,61299.520000000004,2113.7765517241382,2,0,Core Active
10116,Small Business,0.0,0.0,0.0,0.0,0.0,0.0,1,1,No Financial Relationship
10117,Large Enterprise,1.0,42912.69,42912.69,28.0,78321.02,2797.179285714286,0,0,Core Active
10118,Individual,0.0,0.0,0.0,0.0,0.0,0.0,1,1,No Financial Relationship
10119,Individual,0.0,0.0,0.0,0.0,0.0,0.0,1,1,No Financial Relationship
10120,Large Enterprise,1.0,48479.25,48479.25,29.0,54423.479999999996,1876.6717241379308,0,0,Core Active
10121,Large Enterprise,0.0,0.0,0.0,0.0,0.0,0.0,1,1,No Financial Relationship
10122,Large Enterprise,2.0,138668.11,69334.055,53.0,140608.44,2652.9894339622642,2,0,Core Active
10123,Small Business,1.0,48348.54,48348.54,34.0,92026.16,2706.6517647058827,0,0,Core Active
10124,Individual,1.0,93932.94,93932.94,28.0,65329.81,2333.2075,2,0,Core Active
10125,Small Business,4.0,235540.76,58885.19,109.0,270908.57,2485.3997247706425,3,2,High-Value Active
10126,Individual,2.0,133191.59,66595.795,64.0,171839.55,2684.99296875,2,0,Core Active
10127,Individual,1.0,18292.79,18292.79,32.0,81351.78,2542.243125,0,0,Core Active
10128,Individual,3.0,232234.09,77411.36333333333,76.0,190960.73,2512.6411842105263,3,2,High-Value Active
10129,Small Business,0.0,0.0,0.0,0.0,0.0,0.0,1,1,No Financial Relationship
10130,Large Enterprise,2.0,41179.130000000005,20589.565000000002,52.0,130797.07,2515.3282692307694,0,0,Core Active
10131,Individual,0.0,0.0,0.0,0.0,0.0,0.0,1,1,No Financial Relationship
10132,Individual,0.0,0.0,0.0,0.0,0.0,0.0,1,1,No Financial Relationship
10133,Large Enterprise,3.0,98946.70999999999,32982.236666666664,96.0,247440.41,2577.5042708333335,3,2,High-Value Active
10134,Large Enterprise,0.0,0.0,0.0,0.0,0.0,0.0,1,1,No Financial Relationship
10135,Individual,2.0,156761.2,78380.6,82.0,218453.03,2664.0613414634145,2,2,High-Value Active
10136,Individual,0.0,0.0,0.0,0.0,0.0,0.0,1,1,No Financial Relationship
10137,Small Business,0.0,0.0,0.0,0.0,0.0,0.0,1,1,No Financial Relationship
10138,Small Business,0.0,0.0,0.0,0.0,0.0,0.0,1,1,No Financial Relationship
10139,Individual,2.0,100400.84999999999,50200.424999999996,56.0,145631.01,2600.55375,2,0,Core Active
10140,Small Business,1.0,81912.58,81912.58,28.0,82761.28,2955.7599999999998,2,0,Core Active
10141,Large Enterprise,3.0,43349.65,14449.883333333333,82.0,209489.82,2554.7539024390244,0,0,Core Active
10142,Small Business,5.0,258137.62,51627.524,158.0,401134.82,2538.827974683544,3,2,High-Value Active
10143,Individual,3.0,149750.22,49916.74,86.0,215624.15,2507.257558139535,3,2,High-Value Active
10144,Individual,0.0,0.0,0.0,0.0,0.0,0.0,1,1,No Financial Relationship
10145,Small Business,1.0,6784.78,6784.78,30.0,70738.29,2357.9429999999998,0,0,Core Active
10146,Individual,1.0,21109.91,21109.91,26.0,69756.66,2682.9484615384617,0,0,Core Active
10147,Small Business,2.0,36160.36,18080.18,62.0,155132.6,2502.1387096774192,0,0,Core Active
10148,Small Business,2.0,83714.01000000001,41857.005000000005,51.0,126235.65,2475.208823529412,2,0,Core Active
10149,Individual,0.0,0.0,0.0,0.0,0.0,0.0,1,1,No Financial Relationship
10150,Small Business,2.0,121666.43,60833.215,53.0,133983.3,2527.98679245283,2,0,Core Active
10151,Individual,2.0,125343.63,62671.815,59.0,137480.69,2330.181186440678,2,0,Core Active
10152,Individual,1.0,43249.76,43249.76,26.0,63209.66,2431.1407692307694,0,0,Core Active
10153,Large Enterprise,2.0,43366.14,21683.07,59.0,146915.77,2490.097796610169,0,0,Core Active
10154,Large Enterprise,0.0,0.0,0.0,0.0,0.0,0.0,1,1,No Financial Relationship
10155,Small Business,4.0,152502.66999999998,38125.667499999996,150.0,362559.39,2417.0626,3,2,High-Value Active
10156,Individual,2.0,45075.23,22537.615,72.0,162484.86,2256.7341666666666,0,0,Core Active
10157,Small Business,0.0,0.0,0.0,0.0,0.0,0.0,1,1,No Financial Relationship
10158,Large Enterprise,2.0,65681.44,32840.72,54.0,145959.33,2702.950555555555,0,0,Core Active
10159,Small Business,2.0,94443.82999999999,47221.91499999999,75.0,167222.67,2229.6356,2,0,Core Active
10160,Small Business,3.0,96896.9,32298.966666666664,101.0,271785.73,2690.947821782178,3,2,High-Value Active
10161,Individual,2.0,158335.56,79167.78,69.0,191284.56,2772.24,2,2,High-Value Active
10162,Individual,1.0,57667.5,57667.5,20.0,60684.03,3034.2015,2,0,Core Active
10163,Small Business,1.0,88906.14,88906.14,19.0,37634.87,1980.7826315789475,2,0,Core Active
10164,Individual,2.0,111136.93000000001,55568.465000000004,50.0,126509.25,2530.185,2,0,Core Active
10165,Individual,0.0,0.0,0.0,0.0,0.0,0.0,1,1,No Financial Relationship
10166,Large Enterprise,1.0,99828.98,99828.98,27.0,61117.13,2263.5974074074074,2,0,Core Active
10167,Large Enterprise,0.0,0.0,0.0,0.0,0.0,0.0,1,1,No Financial Relationship
10168,Large Enterprise,0.0,0.0,0.0,0.0,0.0,0.0,1,1,No Financial Relationship
10169,Small Business,0.0,0.0,0.0,0.0,0.0,0.0,1,1,No Financial Relationship
10170,Individual,1.0,52547.1,52547.1,21.0,53215.15,2534.054761904762,0,0,Core Active
10171,Large Enterprise,2.0,94458.78,47229.39,52.0,133858.18,2574.195769230769,2,0,Core Active
10172,Large Enterprise,0.0,0.0,0.0,0.0,0.0,0.0,1,1,No Financial Relationship
10173,Large Enterprise,1.0,74953.59,74953.59,26.0,60785.84,2337.916923076923,2,0,Core Active
10174,Large Enterprise,3.0,169843.32,56614.44,86.0,216667.05,2519.3843023255813,3,2,High-Value Active
10175,Large Enterprise,1.0,4615.44,4615.44,33.0,91168.03,2762.667575757576,0,0,Core Active
10176,Small Business,0.0,0.0,0.0,0.0,0.0,0.0,1,1,No Financial Relationship
10177,Large Enterprise,4.0,133279.92,33319.98,109.0,269388.5,2471.454128440367,3,2,High-Value Active
10178,Individual,2.0,68037.20999999999,34018.604999999996,59.0,171459.16,2906.0874576271185,0,0,Core Active
10179,Large Enterprise,4.0,43717.47,10929.3675,111.0,273949.82,2468.0163963963964,3,2,High-Value Active
10180,Individual,0.0,0.0,0.0,0.0,0.0,0.0,1,1,No Financial Relationship
10181,Small Business,1.0,21398.11,21398.11,36.0,90763.08,2521.1966666666667,0,0,Core Active
10182,Individual,1.0,92994.34,92994.34,25.0,82144.06,3285.7624,2,0,Core Active
10183,Small Business,5.0,307649.76,61529.952000000005,150.0,387319.65,2582.1310000000003,3,2,High-Value Active
10184,Small Business,1.0,55292.55,55292.55,36.0,87495.83,2430.4397222222224,2,0,Core Active
10185,Large Enterprise,1.0,23915.53,23915.53,27.0,72464.75,2683.8796296296296,0,0,Core Active
10186,Small Business,1.0,37808.22,37808.22,28.0,71594.69,2556.9532142857142,0,0,Core Active
10187,Individual,2.0,138403.19,69201.595,59.0,152629.66,2586.9433898305087,2,0,Core Active
10188,Individual,2.0,153546.45,76773.225,61.0,164349.68,2694.2570491803276,2,0,Core Active
10189,Large Enterprise,2.0,134729.82,67364.91,58.0,131660.36,2270.0062068965517,2,0,Core Active
10190,Individual,1.0,21893.19,21893.19,25.0,55588.05,2223.522,0,0,Core Active
10191,Large Enterprise,1.0,18864.78,18864.78,24.0,59973.479999999996,2498.895,0,0,Core Active
10192,Large Enterprise,0.0,0.0,0.0,0.0,0.0,0.0,1,1,No Financial Relationship
10193,Small Business,0.0,0.0,0.0,0.0,0.0,0.0,1,1,No Financial Relationship
10194,Large Enterprise,2.0,73245.36,36622.68,54.0,124909.96,2313.1474074074076,0,0,Core Active
10195,Small Business,0.0,0.0,0.0,0.0,0.0,0.0,1,1,No Financial Relationship
10196,Individual,1.0,46035.26,46035.26,25.0,68735.41,2749.4164,0,0,Core Active
10197,Individual,0.0,0.0,0.0,0.0,0.0,0.0,1,1,No Financial Relationship
10198,Small Business,4.0,62888.39,15722.0975,121.0,320795.58999999997,2651.2032231404955,3,2,High-Value Active
10199,Individual,3.0,183826.34,61275.44666666666,92.0,222778.97,2421.510543478261,3,2,High-Value Active
10200,Large Enterprise,0.0,0.0,0.0,0.0,0.0,0.0,1,1,No Financial Relationship
10201,Small Business,0.0,0.0,0.0,0.0,0.0,0.0,1,1,No Financial Relationship
10202,Individual,1.0,19110.41,19110.41,29.0,63253.99,2181.172068965517,0,0,Core Active
10203,Small Business,2.0,118644.71,59322.355,56.0,122030.89,2179.123035714286,2,0,Core Active
10204,Individual,2.0,125924.23000000001,62962.115000000005,68.0,161657.19,2377.311617647059,2,0,Core Active
10205,Individual,3.0,244193.78999999998,81397.93,94.0,247211.04,2629.904680851064,3,2,High-Value Active
10206,Individual,1.0,43240.08,43240.08,28.0,71457.35,2552.0482142857145,0,0,Core Active
10207,Small Business,4.0,294294.32,73573.58,114.0,299011.2,2622.9052631578948,3,2,High-Value Active
10208,Large Enterprise,0.0,0.0,0.0,0.0,0.0,0.0,1,1,No Financial Relationship
10209,Small Business,3.0,139338.4,46446.13333333333,90.0,198060.1,2200.6677777777777,3,2,High-Value Active
10210,Individual,2.0,102826.79000000001,51413.395000000004,59.0,160688.01,2723.525593220339,2,0,Core Active
10211,Large Enterprise,0.0,0.0,0.0,0.0,0.0,0.0,1,1,No Financial Relationship
10212,Individual,1.0,32876.62,32876.62,27.0,61186.97,2266.184074074074,0,0,Core Active
10213,Individual,2.0,65595.99,32797.995,52.0,133852.19,2574.080576923077,0,0,Core Active
10214,Large Enterprise,1.0,79377.52,79377.52,26.0,60497.63,2326.831923076923,2,0,Core Active
10215,Large Enterprise,1.0,11195.51,11195.51,33.0,90636.97,2746.5748484848486,0,0,Core Active
10216,Small Business,1.0,90512.44,90512.44,45.0,130884.67,2908.548222222222,2,0,Core Active
10217,Large Enterprise,0.0,0.0,0.0,0.0,0.0,0.0,1,1,No Financial Relationship
10218,Individual,2.0,85123.27,42561.635,57.0,130335.05,2286.5798245614037,2,0,Core Active
10219,Small Business,2.0,154199.21000000002,77099.60500000001,60.0,132312.78,2205.213,2,0,Core Active
10220,Small Business,1.0,86449.35,86449.35,29.0,71825.07,2476.726551724138,2,0,Core Active
10221,Individual,0.0,0.0,0.0,0.0,0.0,0.0,1,1,No Financial Relationship
10222,Large Enterprise,0.0,0.0,0.0,0.0,0.0,0.0,1,1,No Financial Relationship
10223,Individual,2.0,104596.51,52298.255,60.0,123670.74,2061.179,2,0,Core Active
10224,Individual,3.0,191058.19999999998,63686.06666666666,86.0,213743.84,2485.393488372093,3,2,High-Value Active
10225,Individual,2.0,150875.39,75437.695,60.0,136530.86,2275.514333333333,2,0,Core Active
10226,Small Business,6.0,258211.58000000002,43035.263333333336,175.0,436983.54,2497.0488,3,2,High-Value Active
10227,Large Enterprise,4.0,254928.81999999998,63732.204999999994,103.0,260807.3,2532.109708737864,3,2,High-Value Active
10228,Small Business,1.0,43755.6,43755.6,30.0,70620.62,2354.0206666666663,0,0,Core Active
10229,Large Enterprise,3.0,154139.21,51379.736666666664,103.0,270060.69,2621.9484466019417,3,2,High-Value Active
10230,Large Enterprise,1.0,32788.26,32788.26,37.0,96846.2,2617.464864864865,0,0,Core Active
10231,Large Enterprise,2.0,172950.59999999998,86475.29999999999,57.0,169132.37,2967.234561403509,2,0,Core Active
10232,Small Business,0.0,0.0,0.0,0.0,0.0,0.0,1,1,No Financial Relationship
10233,Individual,1.0,90752.35,90752.35,25.0,60207.52,2408.3008,2,0,Core Active
10234,Individual,0.0,0.0,0.0,0.0,0.0,0.0,1,1,No Financial Relationship
10235,Individual,1.0,79274.38,79274.38,36.0,72062.86,2001.746111111111,2,0,Core Active
10236,Individual,3.0,83414.15,27804.716666666664,100.0,262549.44,2625.4944,3,2,High-Value Active
10237,Small Business,1.0,36343.94,36343.94,28.0,71846.78,2565.9564285714287,0,0,Core Active
10238,Small Business,0.0,0.0,0.0,0.0,0.0,0.0,1,1,No Financial Relationship
10239,Large Enterprise,1.0,75306.88,75306.88,25.0,59618.54,2384.7416,2,0,Core Active
10240,Individual,0.0,0.0,0.0,0.0,0.0,0.0,1,1,No Financial Relationship
10241,Individual,2.0,86903.37,43451.685,63.0,156130.12,2478.255873015873,2,0,Core Active
10242,Small Business,1.0,3564.27,3564.27,26.0,65923.5,2535.519230769231,0,0,Core Active
10243,Large Enterprise,3.0,245261.29,81753.76333333334,87.0,213444.74,2453.387816091954,3,2,High-Value Active
10244,Small Business,1.0,88003.78,88003.78,33.0,87120.47,2640.0142424242426,2,0,Core Active
10245,Large Enterprise,2.0,72953.64,36476.82,52.0,136488.27,2624.774423076923,0,0,Core Active
10246,Individual,2.0,137560.03,68780.015,60.0,131949.38,2199.1563333333334,2,0,Core Active
10247,Individual,1.0,55767.16,55767.16,24.0,63633.270000000004,2651.38625,2,0,Core Active
10248,Small Business,3.0,183074.75,61024.916666666664,88.0,214251.74,2434.6788636363635,3,2,High-Value Active
10249,Large Enterprise,1.0,89193.39,89193.39,24.0,59542.71,2480.94625,2,0,Core Active
10250,Individual,0.0,0.0,0.0,0.0,0.0,0.0,1,1,No Financial Relationship
10251,Large Enterprise,1.0,41396.86,41396.86,29.0,66774.03,2302.5527586206895,0,0,Core Active
10252,Individual,1.0,6818.08,6818.08,22.0,59007.68,2682.1672727272726,0,0,Core Active
10253,Large Enterprise,2.0,3286.27,1643.135,61.0,142939.71,2343.2739344262295,0,0,Core Active
10254,Small Business,1.0,76819.46,76819.46,23.0,62939.1,2736.4826086956523,2,0,Core Active
10255,Individual,1.0,36513.17,36513.17,31.0,81603.38,2632.3670967741937,0,0,Core Active
10256,Small Business,2.0,105797.09,52898.545,62.0,143545.97,2315.2575806451614,2,0,Core Active
10257,Large Enterprise,1.0,16099.85,16099.85,35.0,84206.65,2405.9042857142854,0,0,Core Active
10258,Individual,2.0,93603.58,46801.79,69.0,168060.66,2435.661739130435,2,0,Core Active
10259,Large Enterprise,1.0,82411.23,82411.23,22.0,51318.52,2332.66,2,0,Core Active
10260,Large Enterprise,0.0,0.0,0.0,0.0,0.0,0.0,1,1,No Financial Relationship
10261,Large Enterprise,0.0,0.0,0.0,0.0,0.0,0.0,1,1,No Financial Relationship
10262,Large Enterprise,4.0,252880.71999999997,63220.17999999999,115.0,287322.1,2498.4530434782605,3,2,High-Value Active
10263,Individual,2.0,107780.97,53890.485,55.0,131349.86,2388.1792727272723,2,0,Core Active
10264,Individual,1.0,10451.15,10451.15,33.0,86453.19,2619.7936363636363,0,0,Core Active
10265,Individual,1.0,60784.62,60784.62,39.0,95501.12,2448.7466666666664,2,0,Core Active
10266,Individual,2.0,149103.28,74551.64,75.0,201520.24,2686.936533333333,2,2,High-Value Active
10267,Small Business,2.0,62773.36,31386.68,53.0,133663.13,2521.945849056604,0,0,Core Active
10268,Individual,1.0,45356.7,45356.7,27.0,58605.65,2170.57962962963,0,0,Core Active
10269,Large Enterprise,1.0,36884.55,36884.55,25.0,64008.11,2560.3244,0,0,Core Active
10270,Individual,1.0,67333.11,67333.11,35.0,100224.89,2863.5682857142856,2,0,Core Active
10271,Large Enterprise,0.0,0.0,0.0,0.0,0.0,0.0,1,1,No Financial Relationship
10272,Large Enterprise,2.0,147270.36000000002,73635.18000000001,44.0,99053.92,2251.2254545454543,2,0,Core Active
10273,Small Business,1.0,55836.35,55836.35,34.0,76982.13,2264.180294117647,2,0,Core Active
10274,Small Business,2.0,134945.02000000002,67472.51000000001,67.0,197974.88999999998,2954.8491044776115,2,0,Core Active
10275,Small Business,2.0,122060.53,61030.265,64.0,144605.96,2259.468125,2,0,Core Active
10276,Small Business,1.0,63931.27,63931.27,28.0,73310.49,2618.2317857142857,2,0,Core Active
10277,Large Enterprise,1.0,798.95,798.95,31.0,79576.38,2566.98,0,0,Core Active
10278,Large Enterprise,2.0,130103.02,65051.51,41.0,98100.95,2392.7060975609756,2,0,Core Active
10279,Large Enterprise,1.0,49341.87,49341.87,33.0,74887.85,2269.3287878787883,0,0,Core Active
10280,Large Enterprise,3.0,115817.20999999999,38605.736666666664,91.0,225795.56,2481.26989010989,3,2,High-Value Active
10281,Small Business,0.0,0.0,0.0,0.0,0.0,0.0,1,1,No Financial Relationship
10282,Small Business,1.0,79741.26,79741.26,31.0,75940.35,2449.6887096774194,2,0,Core Active
10283,Large Enterprise,3.0,22632.64,7544.213333333333,97.0,239154.01,2465.505257731959,0,2,High-Value Active
10284,Individual,2.0,87763.53,43881.765,64.0,148648.0,2322.625,2,0,Core Active
10285,Large Enterprise,2.0,110202.09,55101.045,64.0,136335.22,2130.2378125,2,0,Core Active
10286,Small Business,3.0,136905.93,45635.31,98.0,234696.97,2394.8670408163266,3,2,High-Value Active
10287,Large Enterprise,3.0,150247.81,50082.60333333333,93.0,245146.17,2635.9803225806454,3,2,High-Value Active
10288,Individual,2.0,13022.42,6511.21,52.0,144222.93,2773.5178846153844,0,0,Core Active
10289,Large Enterprise,1.0,2495.42,2495.42,25.0,62385.15,2495.406,0,0,Core Active
10290,Individual,2.0,102247.17,51123.585,44.0,118751.5,2698.8977272727275,2,0,Core Active
10291,Large Enterprise,1.0,3388.13,3388.13,26.0,55415.67,2131.371923076923,0,0,Core Active
10292,Individual,1.0,26687.34,26687.34,23.0,47869.63,2081.288260869565,0,0,Core Active
10293,Small Business,3.0,200278.84000000003,66759.61333333334,85.0,235860.29,2774.826941176471,3,2,High-Value Active
10294,Individual,0.0,0.0,0.0,0.0,0.0,0.0,1,1,No Financial Relationship
10295,Large Enterprise,2.0,89520.87,44760.435,67.0,156809.52,2340.440597014925,2,0,Core Active
10296,Large Enterprise,3.0,179359.81,59786.60333333333,80.0,188408.97,2355.112125,3,2,High-Value Active
10297,Small Business,6.0,364761.75,60793.625,183.0,493183.81,2694.9934972677597,3,2,High-Value Active
10298,Small Business,4.0,141206.22,35301.555,163.0,426015.78,2613.5937423312885,3,2,High-Value Active
10299,Individual,2.0,91327.46,45663.73,66.0,198792.29,3012.004393939394,2,0,Core Active
10300,Small Business,0.0,0.0,0.0,0.0,0.0,0.0,1,1,No Financial Relationship
10301,Small Business,1.0,87416.66,87416.66,25.0,65594.02,2623.7608,2,0,Core Active
10302,Individual,2.0,113125.04999999999,56562.524999999994,45.0,106434.09,2365.2019999999998,2,0,Core Active
10303,Small Business,0.0,0.0,0.0,0.0,0.0,0.0,1,1,No Financial Relationship
10304,Individual,0.0,0.0,0.0,0.0,0.0,0.0,1,1,No Financial Relationship
10305,Large Enterprise,1.0,66363.63,66363.63,28.0,62025.61,2215.2003571428572,2,0,Core Active
10306,Large Enterprise,2.0,82578.01000000001,41289.005000000005,75.0,192550.81,2567.3441333333335,2,0,Core Active
10307,Large Enterprise,2.0,50889.14,25444.57,45.0,108148.92,2403.309333333333,0,0,Core Active
10308,Large Enterprise,3.0,246990.84999999998,82330.28333333333,85.0,203921.47,2399.0761176470587,3,2,High-Value Active
10309,Individual,0.0,0.0,0.0,0.0,0.0,0.0,1,1,No Financial Relationship
10310,Large Enterprise,0.0,0.0,0.0,0.0,0.0,0.0,1,1,No Financial Relationship
10311,Small Business,0.0,0.0,0.0,0.0,0.0,0.0,1,1,No Financial Relationship
10312,Small Business,2.0,91630.93,45815.465,61.0,143228.28,2348.0045901639346,2,0,Core Active
10313,Large Enterprise,0.0,0.0,0.0,0.0,0.0,0.0,1,1,No Financial Relationship
10314,Small Business,1.0,86190.87,86190.87,28.0,58575.14,2091.969285714286,2,0,Core Active
10315,Small Business,2.0,156497.47999999998,78248.73999999999,60.0,146952.72,2449.212,2,0,Core Active
10316,Individual,2.0,73190.31,36595.155,40.0,104739.77,2618.49425,0,0,Core Active
10317,Large Enterprise,1.0,31711.77,31711.77,24.0,55171.63,2298.8179166666664,0,0,Core Active
10318,Large Enterprise,2.0,100495.47,50247.735,53.0,128123.28,2417.4203773584904,2,0,Core Active
10319,Large Enterprise,1.0,125.63,125.63,27.0,78405.77,2903.9174074074076,0,0,Core Active
10320,Individual,1.0,55623.9,55623.9,27.0,72866.44,2698.757037037037,2,0,Core Active
10321,Large Enterprise,2.0,131660.18,65830.09,47.0,125409.52,2668.2876595744683,2,0,Core Active
10322,Individual,1.0,73634.29,73634.29,36.0,94790.56,2633.071111111111,2,0,Core Active
10323,Large Enterprise,2.0,131174.45,65587.225,52.0,129491.78,2490.2265384615384,2,0,Core Active
10324,Small Business,7.0,321541.12,45934.44571428571,203.0,513469.42,2529.406009852217,3,2,High-Value Active
10325,Small Business,1.0,62854.84,62854.84,31.0,81441.0,2627.1290322580644,2,0,Core Active
10326,Individual,3.0,113773.71,37924.57,83.0,189009.45,2277.2222891566266,3,2,High-Value Active
10327,Large Enterprise,1.0,5215.19,5215.19,34.0,77147.59,2269.046764705882,0,0,Core Active
10328,Large Enterprise,1.0,53194.87,53194.87,34.0,69437.9,2042.291176470588,0,0,Core Active
10329,Small Business,3.0,197412.99,65804.33,103.0,279433.71,2712.9486407766994,3,2,High-Value Active
10330,Small Business,2.0,49702.04,24851.02,63.0,167101.18,2652.3996825396825,0,0,Core Active
10331,Small Business,4.0,119807.58,29951.895,109.0,296730.36,2722.296880733945,3,2,High-Value Active
10332,Large Enterprise,1.0,83517.97,83517.97,38.0,90087.45,2370.7223684210526,2,0,Core Active
10333,Large Enterprise,2.0,94107.64,47053.82,56.0,135327.92,2416.57,2,0,Core Active
10334,Individual,1.0,19742.89,19742.89,53.0,139129.72,2625.0890566037738,0,0,Core Active
10335,Small Business,3.0,165004.15000000002,55001.38333333334,99.0,263936.83,2666.028585858586,3,2,High-Value Active
10336,Small Business,1.0,21918.21,21918.21,43.0,102025.36,2372.6827906976746,0,0,Core Active
10337,Small Business,1.0,5027.38,5027.38,31.0,82965.89,2676.3190322580645,0,0,Core Active
10338,Individual,3.0,103142.52,34380.840000000004,92.0,219066.24,2381.1547826086958,3,2,High-Value Active
10339,Small Business,0.0,0.0,0.0,0.0,0.0,0.0,1,1,No Financial Relationship
10340,Individual,1.0,14835.88,14835.88,33.0,81325.51,2464.409393939394,0,0,Core Active
10341,Large Enterprise,2.0,77880.45000000001,38940.225000000006,55.0,132207.37,2403.7703636363635,0,0,Core Active
10342,Individual,0.0,0.0,0.0,0.0,0.0,0.0,1,1,No Financial Relationship
10343,Individual,4.0,143850.99,35962.7475,106.0,245077.07,2312.047830188679,3,2,High-Value Active
10344,Large Enterprise,1.0,20681.69,20681.69,18.0,43719.25,2428.847222222222,0,0,Core Active
10345,Small Business,3.0,136965.25,45655.083333333336,74.0,185704.62,2509.5218918918918,3,2,High-Value Active
10346,Small Business,0.0,0.0,0.0,0.0,0.0,0.0,1,1,No Financial Relationship
10347,Small Business,2.0,130750.72,65375.36,46.0,111777.45999999999,2429.9447826086953,2,0,Core Active
10348,Small Business,1.0,25638.44,25638.44,35.0,83903.43000000001,2397.2408571428573,0,0,Core Active
10349,Large Enterprise,3.0,121949.89000000001,40649.96333333334,103.0,277262.85,2691.8723300970873,3,2,High-Value Active
10350,Large Enterprise,1.0,84752.19,84752.19,23.0,64905.22,2821.966086956522,2,0,Core Active
10351,Individual,4.0,156891.69,39222.9225,128.0,352487.13,2753.805703125,3,2,High-Value Active
10352,Small Business,2.0,108402.45,54201.225,54.0,136589.3,2529.431481481481,2,0,Core Active
10353,Small Business,1.0,95993.15,95993.15,32.0,73006.51,2281.4534375,2,0,Core Active
10354,Large Enterprise,0.0,0.0,0.0,0.0,0.0,0.0,1,1,No Financial Relationship
10355,Large Enterprise,1.0,36038.1,36038.1,28.0,64436.590000000004,2301.306785714286,0,0,Core Active
10356,Small Business,1.0,17443.02,17443.02,30.0,65705.72,2190.190666666667,0,0,Core Active
10357,Small Business,4.0,103482.82,25870.705,107.0,253578.26,2369.890280373832,3,2,High-Value Active
10358,Individual,0.0,0.0,0.0,0.0,0.0,0.0,1,1,No Financial Relationship
10359,Large Enterprise,2.0,78639.6,39319.8,61.0,141505.44,2319.76131147541,0,0,Core Active
10360,Large Enterprise,1.0,49886.14,49886.14,22.0,67134.16,3051.552727272727,0,0,Core Active
10361,Individual,2.0,72992.59,36496.295,70.0,162597.07,2322.815285714286,0,0,Core Active
10362,Individual,2.0,160547.16999999998,80273.58499999999,66.0,164022.53,2485.1898484848484,2,0,Core Active
10363,Large Enterprise,1.0,24429.8,24429.8,23.0,52777.66,2294.6808695652176,0,0,Core Active
10364,Large Enterprise,1.0,90961.09,90961.09,22.0,60661.74,2757.351818181818,2,0,Core Active
10365,Small Business,0.0,0.0,0.0,0.0,0.0,0.0,1,1,No Financial Relationship
10366,Large Enterprise,1.0,28243.37,28243.37,37.0,85492.49,2310.607837837838,0,0,Core Active
10367,Large Enterprise,2.0,142430.41,71215.205,48.0,108503.38,2260.4870833333334,2,0,Core Active
10368,Individual,3.0,176471.45,58823.81666666667,97.0,262449.01,2705.6598969072165,3,2,High-Value Active
10369,Large Enterprise,3.0,75655.68,25218.559999999998,92.0,227425.44,2472.015652173913,3,2,High-Value Active
10370,Large Enterprise,0.0,0.0,0.0,0.0,0.0,0.0,1,1,No Financial Relationship
10371,Large Enterprise,1.0,75921.36,75921.36,24.0,58145.24,2422.7183333333332,2,0,Core Active
10372,Individual,1.0,11278.56,11278.56,25.0,72732.1,2909.284,0,0,Core Active
10373,Individual,0.0,0.0,0.0,0.0,0.0,0.0,1,1,No Financial Relationship
10374,Individual,5.0,316081.08999999997,63216.21799999999,137.0,337571.8,2464.027737226277,3,2,High-Value Active
10375,Small Business,1.0,47036.87,47036.87,31.0,83437.46,2691.530967741936,0,0,Core Active
10376,Individual,0.0,0.0,0.0,0.0,0.0,0.0,1,1,No Financial Relationship
10377,Small Business,1.0,66280.88,66280.88,35.0,92772.52,2650.6434285714286,2,0,Core Active
10378,Individual,2.0,48967.42,24483.71,61.0,159624.54,2616.7957377049183,0,0,Core Active
10379,Small Business,2.0,102926.31,51463.155,59.0,160843.51,2726.161186440678,2,0,Core Active
10380,Small Business,1.0,90268.4,90268.4,32.0,88462.82,2764.463125,2,0,Core Active
10381,Small Business,0.0,0.0,0.0,0.0,0.0,0.0,1,1,No Financial Relationship
10382,Small Business,1.0,94962.36,94962.36,32.0,71193.29,2224.7903125,2,0,Core Active
10383,Individual,2.0,104763.01999999999,52381.509999999995,67.0,164701.46,2458.2307462686567,2,0,Core Active
10384,Small Business,4.0,195698.26,48924.565,119.0,297938.62,2503.685882352941,3,2,High-Value Active
10385,Individual,0.0,0.0,0.0,0.0,0.0,0.0,1,1,No Financial Relationship
10386,Individual,1.0,855.61,855.61,39.0,88943.82,2280.6107692307696,0,0,Core Active
10387,Large Enterprise,2.0,129339.95999999999,64669.979999999996,70.0,189725.82,2710.3688571428575,2,0,Core Active
10388,Individual,1.0,88098.11,88098.11,31.0,78652.56999999999,2537.1796774193544,2,0,Core Active
10389,Small Business,2.0,52510.72,26255.36,51.0,139474.34,2734.7909803921566,0,0,Core Active
10390,Large Enterprise,3.0,159514.07,53171.35666666667,89.0,227546.17,2556.698539325843,3,2,High-Value Active
10391,Individual,1.0,88425.93,88425.93,21.0,47986.88,2285.0895238095236,2,0,Core Active
10392,Small Business,3.0,128619.67,42873.223333333335,98.0,226442.2,2310.634693877551,3,2,High-Value Active
10393,Individual,2.0,137378.98,68689.49,58.0,168477.52,2904.7848275862066,2,0,Core Active
10394,Large Enterprise,1.0,38947.17,38947.17,27.0,70337.3,2605.0851851851853,0,0,Core Active
10395,Small Business,3.0,283946.26,94648.75333333334,104.0,239830.49000000002,2306.062403846154,3,2,High-Value Active
10396,Large Enterprise,2.0,76521.11,38260.555,72.0,188089.44999999998,2612.353472222222,0,0,Core Active
10397,Small Business,3.0,137898.44,45966.14666666667,78.0,192632.27,2469.644487179487,3,2,High-Value Active
10398,Large Enterprise,2.0,135717.81,67858.905,56.0,134404.71,2400.084107142857,2,0,Core Active
10399,Individual,3.0,264097.63,88032.54333333333,85.0,196633.82,2313.3390588235293,3,2,High-Value Active
10400,Small Business,1.0,59391.36,59391.36,28.0,61435.04,2194.1085714285714,2,0,Core Active
10401,Large Enterprise,4.0,213133.32,53283.33,115.0,289350.02,2516.087130434783,3,2,High-Value Active
10402,Individual,1.0,38437.42,38437.42,35.0,89579.51,2559.4145714285714,0,0,Core Active
10403,Individual,0.0,0.0,0.0,0.0,0.0,0.0,1,1,No Financial Relationship
10404,Large Enterprise,4.0,166765.53,41691.3825,130.0,323988.56,2492.219692307692,3,2,High-Value Active
10405,Large Enterprise,1.0,50895.93,50895.93,25.0,64699.88,2587.9952,0,0,Core Active
10406,Individual,0.0,0.0,0.0,0.0,0.0,0.0,1,1,No Financial Relationship
10407,Small Business,2.0,88735.87,44367.935,64.0,151229.63,2362.96296875,2,0,Core Active
10408,Individual,0.0,0.0,0.0,0.0,0.0,0.0,1,1,No Financial Relationship
10409,Individual,2.0,46084.79,23042.395,63.0,153787.23,2441.067142857143,0,0,Core Active
10410,Small Business,1.0,7142.29,7142.29,36.0,82795.66,2299.8794444444447,0,0,Core Active
10411,Large Enterprise,2.0,38210.45,19105.225,54.0,128914.43,2387.304259259259,0,0,Core Active
10412,Small Business,2.0,72327.0,36163.5,53.0,137171.37,2588.1390566037735,0,0,Core Active
10413,Individual,1.0,28424.71,28424.71,33.0,87728.22,2658.430909090909,0,0,Core Active
10414,Large Enterprise,2.0,57929.369999999995,28964.684999999998,65.0,167225.88,2572.7058461538463,0,0,Core Active
10415,Large Enterprise,1.0,35829.66,35829.66,37.0,83490.26,2256.4935135135133,0,0,Core Active
10416,Individual,0.0,0.0,0.0,0.0,0.0,0.0,1,1,No Financial Relationship
10417,Large Enterprise,2.0,40838.229999999996,20419.114999999998,49.0,129087.14,2634.4314285714286,0,0,Core Active
10418,Individual,3.0,32750.670000000002,10916.890000000001,91.0,240863.72,2646.854065934066,3,2,High-Value Active
10419,Individual,2.0,172088.77000000002,86044.38500000001,63.0,147190.0,2336.3492063492063,2,0,Core Active
10420,Small Business,1.0,62988.18,62988.18,33.0,84556.84,2562.3284848484845,2,0,Core Active
10421,Large Enterprise,1.0,75147.49,75147.49,25.0,65499.770000000004,2619.9908,2,0,Core Active
10422,Large Enterprise,1.0,37362.06,37362.06,30.0,77983.07,2599.4356666666667,0,0,Core Active
10423,Large Enterprise,3.0,69282.76,23094.25333333333,96.0,227096.23,2365.5857291666666,3,2,High-Value Active
10424,Small Business,0.0,0.0,0.0,0.0,0.0,0.0,1,1,No Financial Relationship
10425,Large Enterprise,2.0,109670.76999999999,54835.384999999995,54.0,144641.21,2678.540925925926,2,0,Core Active
10426,Individual,2.0,96969.92,48484.96,55.0,113968.51,2072.154727272727,2,0,Core Active
10427,Large Enterprise,4.0,156351.31,39087.8275,111.0,269587.8,2428.718918918919,3,2,High-Value Active
10428,Small Business,2.0,54157.45,27078.725,59.0,155729.85,2639.4889830508478,0,0,Core Active
10429,Individual,1.0,13508.38,13508.38,35.0,98732.2,2820.92,0,0,Core Active
10430,Small Business,1.0,98536.94,98536.94,20.0,50315.51,2515.7755,2,0,Core Active
10431,Large Enterprise,3.0,142564.53,47521.51,93.0,226730.58,2437.9632258064516,3,2,High-Value Active
10432,Large Enterprise,1.0,42644.7,42644.7,27.0,67978.92,2517.737777777778,0,0,Core Active
10433,Small Business,1.0,94618.51,94618.51,33.0,83560.53,2532.137272727273,2,0,Core Active
10434,Individual,1.0,52486.18,52486.18,23.0,52589.12,2286.4834782608696,0,0,Core Active
10435,Large Enterprise,1.0,30389.48,30389.48,35.0,83446.99,2384.1997142857144,0,0,Core Active
10436,Large Enterprise,3.0,171517.45,57172.48333333334,88.0,221096.73,2512.462840909091,3,2,High-Value Active
10437,Small Business,2.0,112316.0,56158.0,56.0,135907.7,2426.9232142857145,2,0,Core Active
10438,Large Enterprise,1.0,2857.78,2857.78,33.0,81290.26,2463.341212121212,0,0,Core Active
10439,Individual,2.0,94406.44,47203.22,68.0,172989.8,2543.9676470588233,2,0,Core Active
10440,Large Enterprise,1.0,98678.22,98678.22,28.0,73639.71,2629.9896428571433,2,0,Core Active
10441,Large Enterprise,4.0,120632.04,30158.01,129.0,331680.18,2571.1641860465115,3,2,High-Value Active
10442,Individual,1.0,71478.64,71478.64,28.0,75840.23,2708.5796428571425,2,0,Core Active
10443,Small Business,2.0,75547.07,37773.535,65.0,172752.74,2657.7344615384613,0,0,Core Active
10444,Individual,0.0,0.0,0.0,0.0,0.0,0.0,1,1,No Financial Relationship
10445,Individual,2.0,121576.54000000001,60788.270000000004,68.0,165595.26,2435.224411764706,2,0,Core Active
10446,Individual,4.0,190564.75,47641.1875,139.0,346205.35,2490.6859712230216,3,2,High-Value Active
10447,Individual,1.0,6122.35,6122.35,30.0,70776.63,2359.221,0,0,Core Active
10448,Individual,2.0,23003.74,11501.87,66.0,157377.71,2384.5107575757575,0,0,Core Active
10449,Large Enterprise,2.0,114188.27,57094.135,49.0,108740.03,2219.1842857142856,2,0,Core Active
10450,Small Business,1.0,9782.45,9782.45,20.0,55978.0,2798.9,0,0,Core Active
10451,Small Business,2.0,46210.520000000004,23105.260000000002,63.0,135560.07,2151.747142857143,0,0,Core Active
10452,Small Business,1.0,22576.99,22576.99,30.0,78470.26,2615.675333333333,0,0,Core Active
10453,Small Business,0.0,0.0,0.0,0.0,0.0,0.0,1,1,No Financial Relationship
10454,Large Enterprise,1.0,31062.72,31062.72,43.0,107517.48,2500.406511627907,0,0,Core Active
10455,Small Business,1.0,49112.5,49112.5,29.0,78870.11,2719.6589655172415,0,0,Core Active
10456,Small Business,1.0,96922.37,96922.37,27.0,62027.880000000005,2297.328888888889,2,0,Core Active
10457,Individual,2.0,45130.85,22565.425,59.0,128783.86,2182.777288135593,0,0,Core Active
10458,Small Business,10.0,442670.98,44267.098,300.0,755595.12,2518.6504,3,2,High-Value Active
10459,Large Enterprise,3.0,140030.2,46676.73333333334,89.0,240552.64,2702.8386516853934,3,2,High-Value Active
10460,Individual,2.0,138713.75,69356.875,51.0,136152.61,2669.6590196078428,2,0,Core Active
10461,Large Enterprise,2.0,152436.06,76218.03,63.0,151800.46,2409.531111111111,2,0,Core Active
10462,Large Enterprise,1.0,66275.11,66275.11,32.0,84550.85,2642.2140625,2,0,Core Active
10463,Large Enterprise,1.0,45585.4,45585.4,33.0,83709.7,2536.6575757575756,0,0,Core Active
10464,Large Enterprise,1.0,15412.78,15412.78,39.0,82414.6,2113.194871794872,0,0,Core Active
10465,Small Business,1.0,50412.12,50412.12,31.0,85827.06,2768.6148387096773,0,0,Core Active
10466,Individual,1.0,93428.62,93428.62,34.0,81735.48,2403.984705882353,2,0,Core Active
10467,Small Business,1.0,38406.79,38406.79,23.0,63510.34,2761.3191304347824,0,0,Core Active
10468,Individual,4.0,239261.66999999998,59815.417499999996,115.0,315664.52,2744.9088695652176,3,2,High-Value Active
10469,Individual,0.0,0.0,0.0,0.0,0.0,0.0,1,1,No Financial Relationship
10470,Large Enterprise,1.0,9390.16,9390.16,37.0,100844.05,2725.514864864865,0,0,Core Active
10471,Individual,2.0,16465.88,8232.94,70.0,169261.89,2418.027,0,0,Core Active
10472,Large Enterprise,2.0,37540.05,18770.025,53.0,129820.22,2449.4381132075473,0,0,Core Active
10473,Small Business,1.0,68796.18,68796.18,32.0,98249.77,3070.3053125,2,0,Core Active
10474,Small Business,1.0,22748.87,22748.87,21.0,50575.22,2408.34380952381,0,0,Core Active
10475,Large Enterprise,2.0,193754.64,96877.32,56.0,144779.23,2585.343392857143,2,0,Core Active
10476,Small Business,1.0,90889.92,90889.92,23.0,47568.35,2068.1891304347823,2,0,Core Active
10477,Individual,1.0,32577.75,32577.75,45.0,139721.66,3104.925777777778,0,0,Core Active
10478,Small Business,3.0,150646.46,50215.486666666664,83.0,243541.71,2934.237469879518,3,2,High-Value Active
10479,Large Enterprise,1.0,41195.04,41195.04,24.0,60321.32,2513.3883333333333,0,0,Core Active
10480,Small Business,0.0,0.0,0.0,0.0,0.0,0.0,1,1,No Financial Relationship
10481,Large Enterprise,1.0,12603.53,12603.53,33.0,80335.47,2434.4081818181817,0,0,Core Active
10482,Small Business,0.0,0.0,0.0,0.0,0.0,0.0,1,1,No Financial Relationship
10483,Large Enterprise,1.0,35818.45,35818.45,24.0,61608.99,2567.0412499999998,0,0,Core Active
10484,Small Business,2.0,89513.23999999999,44756.619999999995,59.0,151427.0,2566.5593220338983,2,0,Core Active
10485,Individual,3.0,168028.29,56009.43,89.0,219884.74,2470.6150561797754,3,2,High-Value Active
10486,Large Enterprise,1.0,19636.99,19636.99,33.0,89569.67,2714.2324242424243,0,0,Core Active
10487,Individual,0.0,0.0,0.0,0.0,0.0,0.0,1,1,No Financial Relationship
10488,Small Business,2.0,100920.31000000001,50460.155000000006,48.0,133125.05000000002,2773.438541666667,2,0,Core Active
10489,Individual,0.0,0.0,0.0,0.0,0.0,0.0,1,1,No Financial Relationship
10490,Small Business,1.0,79518.63,79518.63,28.0,74912.22,2675.4364285714287,2,0,Core Active
10491,Large Enterprise,2.0,94860.23999999999,47430.119999999995,59.0,153193.01,2596.4916949152544,2,0,Core Active
10492,Small Business,2.0,45661.32,22830.66,48.0,107249.28,2234.36,0,0,Core Active
10493,Large Enterprise,2.0,54078.259999999995,27039.129999999997,50.0,127610.0,2552.2,0,0,Core Active
10494,Small Business,3.0,165459.03,55153.01,93.0,251195.15,2701.0231182795696,3,2,High-Value Active
10495,Small Business,3.0,167054.53,55684.84333333333,85.0,225713.99,2655.4587058823527,3,2,High-Value Active
10496,Small Business,1.0,10299.2,10299.2,37.0,88654.36,2396.063783783784,0,0,Core Active
10497,Small Business,2.0,183311.18,91655.59,63.0,165096.96,2620.5866666666666,2,2,High-Value Active
10498,Individual,2.0,16244.9,8122.45,65.0,172108.55000000002,2647.8238461538463,0,0,Core Active
10499,Large Enterprise,1.0,93642.02,93642.02,34.0,81111.3,2385.6264705882354,2,0,Core Active
10500,Small Business,3.0,178902.38999999998,59634.13,81.0,200885.59,2480.069012345679,3,2,High-Value Active
10501,Individual,2.0,158147.12,79073.56,61.0,154958.26,2540.299344262295,2,0,Core Active
10502,Individual,3.0,91140.51999999999,30380.17333333333,89.0,222041.66999999998,2494.850224719101,3,2,High-Value Active
10503,Individual,2.0,162917.22999999998,81458.61499999999,57.0,136952.22,2402.6705263157896,2,0,Core Active
10504,Individual,2.0,23404.59,11702.295,63.0,131692.51,2090.3573015873017,0,0,Core Active
10505,Individual,1.0,55584.89,55584.89,26.0,67730.93000000001,2605.0357692307693,2,0,Core Active
10506,Individual,3.0,137343.12,45781.04,96.0,245372.31,2555.9615625,3,2,High-Value Active
10507,Individual,1.0,96203.92,96203.92,26.0,71619.33,2754.5896153846156,2,0,Core Active
10508,Large Enterprise,0.0,0.0,0.0,0.0,0.0,0.0,1,1,No Financial Relationship
10509,Small Business,1.0,85030.52,85030.52,24.0,53579.44,2232.476666666667,2,0,Core Active
10510,Large Enterprise,1.0,14814.87,14814.87,24.0,52304.770000000004,2179.365416666667,0,0,Core Active
10511,Large Enterprise,3.0,98233.76000000001,32744.58666666667,105.0,264153.19,2515.7446666666665,3,2,High-Value Active
10512,Small Business,2.0,71615.89,35807.945,48.0,113930.6,2373.554166666667,0,0,Core Active
10513,Individual,0.0,0.0,0.0,0.0,0.0,0.0,1,1,No Financial Relationship
10514,Individual,1.0,97505.74,97505.74,28.0,70681.52,2524.34,2,0,Core Active
10515,Large Enterprise,3.0,142854.76,47618.253333333334,78.0,217997.0,2794.8333333333335,3,2,High-Value Active
10516,Small Business,0.0,0.0,0.0,0.0,0.0,0.0,1,1,No Financial Relationship
10517,Small Business,0.0,0.0,0.0,0.0,0.0,0.0,1,1,No Financial Relationship
10518,Large Enterprise,5.0,235994.15999999997,47198.831999999995,133.0,325384.82,2446.5024060150376,3,2,High-Value Active
10519,Individual,2.0,44765.57,22382.785,68.0,154263.35,2268.578676470588,0,0,Core Active
10520,Individual,1.0,66524.93,66524.93,34.0,101379.84,2981.7599999999998,2,0,Core Active
10521,Small Business,0.0,0.0,0.0,0.0,0.0,0.0,1,1,No Financial Relationship
10522,Small Business,2.0,167687.24,83843.62,48.0,105969.97,2207.7077083333334,2,0,Core Active
10523,Large Enterprise,0.0,0.0,0.0,0.0,0.0,0.0,1,1,No Financial Relationship
10524,Large Enterprise,3.0,204875.23,68291.74333333333,92.0,231029.4,2511.1891304347823,3,2,High-Value Active
10525,Individual,1.0,21044.85,21044.85,34.0,81758.36,2404.6576470588234,0,0,Core Active
10526,Small Business,3.0,126220.26999999999,42073.42333333333,92.0,264100.48,2870.6573913043476,3,2,High-Value Active
10527,Individual,1.0,97520.65,97520.65,21.0,55951.5,2664.3571428571427,2,0,Core Active
10528,Individual,2.0,101246.03,50623.015,70.0,190134.21,2716.203,2,0,Core Active
10529,Individual,2.0,116059.54000000001,58029.770000000004,74.0,205007.88,2770.376756756757,2,0,Core Active
10530,Small Business,1.0,80601.43,80601.43,35.0,91920.07,2626.2877142857146,2,0,Core Active
10531,Small Business,0.0,0.0,0.0,0.0,0.0,0.0,1,1,No Financial Relationship
10532,Small Business,2.0,115397.18,57698.59,52.0,121437.3,2335.3326923076925,2,0,Core Active
10533,Small Business,0.0,0.0,0.0,0.0,0.0,0.0,1,1,No Financial Relationship
10534,Large Enterprise,1.0,30305.49,30305.49,31.0,75546.23,2436.9751612903224,0,0,Core Active
10535,Small Business,4.0,254715.78,63678.945,113.0,277192.69,2453.0326548672565,3,2,High-Value Active
10536,Small Business,0.0,0.0,0.0,0.0,0.0,0.0,1,1,No Financial Relationship
10537,Small Business,1.0,45129.0,45129.0,32.0,83670.82,2614.713125,0,0,Core Active
10538,Large Enterprise,2.0,96833.55,48416.775,65.0,158099.52,2432.3003076923073,2,0,Core Active
10539,Individual,1.0,54673.13,54673.13,24.0,61321.51,2555.0629166666668,0,0,Core Active
10540,Small Business,1.0,67038.22,67038.22,34.0,74937.73,2204.0508823529412,2,0,Core Active
10541,Small Business,3.0,70104.27,23368.09,104.0,253790.13,2440.2897115384617,3,2,High-Value Active
10542,Large Enterprise,0.0,0.0,0.0,0.0,0.0,0.0,1,1,No Financial Relationship
10543,Individual,3.0,137130.71,45710.236666666664,89.0,245436.52,2757.7137078651685,3,2,High-Value Active
10544,Large Enterprise,1.0,47917.51,47917.51,32.0,87795.84,2743.62,0,0,Core Active
10545,Small Business,4.0,304750.15,76187.5375,124.0,327655.38,2642.3820967741935,3,2,High-Value Active
10546,Large Enterprise,0.0,0.0,0.0,0.0,0.0,0.0,1,1,No Financial Relationship
10547,Small Business,0.0,0.0,0.0,0.0,0.0,0.0,1,1,No Financial Relationship
10548,Individual,0.0,0.0,0.0,0.0,0.0,0.0,1,1,No Financial Relationship
10549,Small Business,1.0,86753.63,86753.63,42.0,93187.23,2218.743571428571,2,0,Core Active
10550,Large Enterprise,2.0,62529.799999999996,31264.899999999998,60.0,165350.94,2755.849,0,0,Core Active
10551,Large Enterprise,3.0,100962.34,33654.113333333335,89.0,235611.41,2647.319213483146,3,2,High-Value Active
10552,Small Business,2.0,48714.36,24357.18,65.0,160728.06,2472.7393846153846,0,0,Core Active
10553,Large Enterprise,0.0,0.0,0.0,0.0,0.0,0.0,1,1,No Financial Relationship
10554,Individual,1.0,18417.51,18417.51,26.0,64475.48,2479.826153846154,0,0,Core Active
10555,Individual,1.0,3563.19,3563.19,28.0,65151.95,2326.855357142857,0,0,Core Active
10556,Small Business,2.0,91826.88,45913.44,77.0,195399.4,2537.6545454545453,2,0,Core Active
10557,Small Business,4.0,166406.88,41601.72,109.0,246019.81,2257.0624770642203,3,2,High-Value Active
10558,Small Business,1.0,56499.15,56499.15,38.0,110917.97,2918.893947368421,2,0,Core Active
10559,Small Business,0.0,0.0,0.0,0.0,0.0,0.0,1,1,No Financial Relationship
10560,Individual,0.0,0.0,0.0,0.0,0.0,0.0,1,1,No Financial Relationship
10561,Large Enterprise,3.0,254662.58,84887.52666666666,92.0,215537.29,2342.796630434783,3,2,High-Value Active
10562,Large Enterprise,2.0,39524.369999999995,19762.184999999998,67.0,147088.9,2195.3567164179103,0,0,Core Active
10563,Small Business,0.0,0.0,0.0,0.0,0.0,0.0,1,1,No Financial Relationship
10564,Large Enterprise,1.0,31978.53,31978.53,31.0,80942.90000000001,2611.061290322581,0,0,Core Active
10565,Large Enterprise,4.0,177385.38,44346.345,118.0,277007.15,2347.518220338983,3,2,High-Value Active
10566,Individual,1.0,91124.05,91124.05,33.0,83923.02,2543.1218181818185,2,0,Core Active
10567,Large Enterprise,3.0,90807.98,30269.326666666664,68.0,173489.02,2551.309117647059,0,0,Core Active
10568,Small Business,3.0,171582.12,57194.04,89.0,211627.48,2377.8368539325843,3,2,High-Value Active
10569,Individual,0.0,0.0,0.0,0.0,0.0,0.0,1,1,No Financial Relationship
10570,Individual,1.0,41593.86,41593.86,37.0,82208.57,2221.8532432432435,0,0,Core Active
10571,Individual,4.0,148038.31,37009.5775,134.0,329519.89,2459.103656716418,3,2,High-Value Active
10572,Large Enterprise,1.0,33936.14,33936.14,23.0,63439.44,2758.2365217391307,0,0,Core Active
10573,Large Enterprise,3.0,126788.18,42262.72666666666,88.0,251509.87,2858.0667045454543,3,2,High-Value Active
10574,Individual,4.0,232262.27,58065.5675,145.0,385730.02999999997,2660.2071034482756,3,2,High-Value Active
10575,Individual,4.0,166330.01,41582.5025,105.0,256686.85,2444.6366666666668,3,2,High-Value Active
10576,Individual,3.0,197592.31,65864.10333333333,110.0,287002.83,2609.1166363636366,3,2,High-Value Active
10577,Large Enterprise,1.0,73352.5,73352.5,30.0,62768.8,2092.2933333333335,2,0,Core Active
10578,Large Enterprise,2.0,83456.3,41728.15,56.0,127766.01,2281.5358928571427,2,0,Core Active
10579,Individual,2.0,122272.26000000001,61136.130000000005,61.0,143726.87,2356.1781967213115,2,0,Core Active
10580,Large Enterprise,1.0,14560.17,14560.17,31.0,90147.41,2907.9809677419357,0,0,Core Active
10581,Small Business,0.0,0.0,0.0,0.0,0.0,0.0,1,1,No Financial Relationship
10582,Individual,3.0,216107.34,72035.78,80.0,188435.26,2355.44075,3,2,High-Value Active
10583,Individual,2.0,143030.05,71515.025,56.0,141345.27,2524.0226785714285,2,0,Core Active
10584,Large Enterprise,4.0,296388.19,74097.0475,111.0,276188.94,2488.1886486486487,3,2,High-Value Active
10585,Small Business,1.0,41482.99,41482.99,45.0,106133.17,2358.514888888889,0,0,Core Active
10586,Small Business,2.0,65982.99,32991.495,60.0,134990.44,2249.8406666666665,0,0,Core Active
10587,Individual,1.0,56535.81,56535.81,28.0,62028.729999999996,2215.3117857142856,2,0,Core Active
10588,Individual,1.0,99815.57,99815.57,24.0,51196.59,2133.19125,2,0,Core Active
10589,Small Business,0.0,0.0,0.0,0.0,0.0,0.0,1,1,No Financial Relationship
10590,Individual,0.0,0.0,0.0,0.0,0.0,0.0,1,1,No Financial Relationship
10591,Small Business,0.0,0.0,0.0,0.0,0.0,0.0,1,1,No Financial Relationship
10592,Small Business,2.0,50478.51,25239.255,62.0,155532.31,2508.5856451612904,0,0,Core Active
10593,Individual,3.0,145384.06,48461.35333333333,92.0,216175.89,2349.737934782609,3,2,High-Value Active
10594,Large Enterprise,1.0,47387.99,47387.99,36.0,88781.18000000001,2466.1438888888893,0,0,Core Active
10595,Small Business,1.0,35503.33,35503.33,21.0,51953.57,2473.979523809524,0,0,Core Active
10596,Large Enterprise,2.0,83630.29000000001,41815.145000000004,79.0,214437.28,2714.3959493670886,2,0,Core Active
10597,Individual,0.0,0.0,0.0,0.0,0.0,0.0,1,1,No Financial Relationship
10598,Individual,0.0,0.0,0.0,0.0,0.0,0.0,1,1,No Financial Relationship
10599,Small Business,2.0,44110.89,22055.445,55.0,151506.17,2754.657636363637,0,0,Core Active
10600,Individual,1.0,96074.22,96074.22,28.0,71114.56,2539.805714285714,2,0,Core Active
10601,Individual,1.0,38058.16,38058.16,27.0,64546.47,2390.61,0,0,Core Active
10602,Small Business,3.0,183476.91999999998,61158.97333333333,82.0,209693.87,2557.242317073171,3,2,High-Value Active
10603,Small Business,5.0,413715.8,82743.16,150.0,371511.14,2476.7409333333335,3,2,High-Value Active
10604,Large Enterprise,2.0,74535.48000000001,37267.740000000005,57.0,160160.95,2809.8412280701755,0,0,Core Active
10605,Large Enterprise,2.0,44006.369999999995,22003.184999999998,50.0,135152.24,2703.0447999999997,0,0,Core Active
10606,Individual,0.0,0.0,0.0,0.0,0.0,0.0,1,1,No Financial Relationship
10607,Small Business,0.0,0.0,0.0,0.0,0.0,0.0,1,1,No Financial Relationship
10608,Individual,2.0,90342.64,45171.32,52.0,133046.71,2558.5905769230767,2,0,Core Active
10609,Individual,2.0,137162.7,68581.35,54.0,112693.52,2086.917037037037,2,0,Core Active
10610,Large Enterprise,1.0,88823.48,88823.48,31.0,82960.57,2676.147419354839,2,0,Core Active
10611,Individual,2.0,141368.38,70684.19,49.0,109804.35,2240.9051020408165,2,0,Core Active
10612,Large Enterprise,2.0,37144.18,18572.09,57.0,136944.97,2402.5433333333335,0,0,Core Active
10613,Large Enterprise,1.0,87749.26,87749.26,31.0,60497.34,1951.5270967741935,2,0,Core Active
10614,Small Business,1.0,32176.3,32176.3,32.0,78893.02,2465.406875,0,0,Core Active
10615,Large Enterprise,1.0,60894.86,60894.86,40.0,84866.28,2121.657,2,0,Core Active
10616,Small Business,2.0,54413.45,27206.725,56.0,150851.64,2693.779285714286,0,0,Core Active
10617,Large Enterprise,2.0,131623.28,65811.64,61.0,154373.07,2530.7060655737705,2,0,Core Active
10618,Small Business,1.0,26242.64,26242.64,30.0,70966.39,2365.546333333333,0,0,Core Active
10619,Individual,1.0,47109.88,47109.88,22.0,54620.9,2482.768181818182,0,0,Core Active
10620,Large Enterprise,2.0,153386.6,76693.3,68.0,162631.09,2391.6336764705884,2,0,Core Active
10621,Large Enterprise,0.0,0.0,0.0,0.0,0.0,0.0,1,1,No Financial Relationship
10622,Small Business,0.0,0.0,0.0,0.0,0.0,0.0,1,1,No Financial Relationship
10623,Individual,0.0,0.0,0.0,0.0,0.0,0.0,1,1,No Financial Relationship
10624,Large Enterprise,3.0,210602.05,70200.68333333333,86.0,227275.33000000002,2642.7363953488375,3,2,High-Value Active
10625,Individual,1.0,33473.34,33473.34,28.0,67107.43000000001,2396.693928571429,0,0,Core Active
10626,Small Business,1.0,34252.99,34252.99,25.0,58010.44,2320.4176,0,0,Core Active
10627,Individual,1.0,10365.83,10365.83,39.0,94736.45999999999,2429.14,0,0,Core Active
10628,Small Business,2.0,92686.34,46343.17,56.0,127951.44,2284.847142857143,2,0,Core Active
10629,Small Business,0.0,0.0,0.0,0.0,0.0,0.0,1,1,No Financial Relationship
10630,Small Business,0.0,0.0,0.0,0.0,0.0,0.0,1,1,No Financial Relationship
10631,Small Business,2.0,44490.149999999994,22245.074999999997,62.0,144486.98,2330.435161290323,0,0,Core Active
10632,Large Enterprise,2.0,138658.91999999998,69329.45999999999,51.0,135586.02,2658.549411764706,2,0,Core Active
10633,Large Enterprise,1.0,92207.53,92207.53,35.0,68974.66,1970.7045714285716,2,0,Core Active
10634,Small Business,3.0,159706.2,53235.4,87.0,206969.05,2378.9545977011494,3,2,High-Value Active
10635,Individual,1.0,84925.81,84925.81,36.0,82378.74,2288.2983333333336,2,0,Core Active
10636,Small Business,2.0,121935.64,60967.82,49.0,116142.28,2370.250612244898,2,0,Core Active
10637,Individual,3.0,76460.04000000001,25486.680000000004,97.0,235446.17,2427.2801030927835,3,2,High-Value Active
10638,Small Business,0.0,0.0,0.0,0.0,0.0,0.0,1,1,No Financial Relationship
10639,Individual,2.0,96899.81,48449.905,39.0,116767.07,2994.027435897436,2,0,Core Active
10640,Large Enterprise,1.0,85648.39,85648.39,28.0,60193.36,2149.7628571428572,2,0,Core Active
10641,Small Business,0.0,0.0,0.0,0.0,0.0,0.0,1,1,No Financial Relationship
10642,Small Business,2.0,106773.53,53386.765,72.0,185090.85,2570.70625,2,0,Core Active
10643,Small Business,3.0,187586.06,62528.68666666667,90.0,216377.29,2404.192111111111,3,2,High-Value Active
10644,Large Enterprise,0.0,0.0,0.0,0.0,0.0,0.0,1,1,No Financial Relationship
10645,Individual,2.0,173072.34,86536.17,58.0,139590.98,2406.741034482759,2,0,Core Active
10646,Large Enterprise,0.0,0.0,0.0,0.0,0.0,0.0,1,1,No Financial Relationship
10647,Small Business,1.0,61130.67,61130.67,27.0,67984.68000000001,2517.9511111111115,2,0,Core Active
10648,Individual,1.0,46654.26,46654.26,27.0,58321.49,2160.055185185185,0,0,Core Active
10649,Small Business,3.0,136120.59,45373.53,94.0,257910.02,2743.7236170212764,3,2,High-Value Active
10650,Large Enterprise,1.0,1137.43,1137.43,30.0,91993.07,3066.4356666666667,0,0,Core Active
10651,Large Enterprise,2.0,120197.5,60098.75,56.0,134169.78,2395.8889285714286,2,0,Core Active
10652,Large Enterprise,1.0,29627.66,29627.66,23.0,44737.42,1945.1052173913042,0,0,Core Active
10653,Small Business,1.0,78226.86,78226.86,24.0,53118.340000000004,2213.264166666667,2,0,Core Active
10654,Individual,1.0,7314.7,7314.7,30.0,61641.2,2054.7066666666665,0,0,Core Active
10655,Large Enterprise,3.0,65997.34,21999.11333333333,91.0,226993.3,2494.431868131868,3,2,High-Value Active
10656,Individual,1.0,87103.24,87103.24,30.0,65567.66,2185.588666666667,2,0,Core Active
10657,Large Enterprise,1.0,45858.74,45858.74,24.0,66486.71,2770.2795833333334,0,0,Core Active
10658,Small Business,0.0,0.0,0.0,0.0,0.0,0.0,1,1,No Financial Relationship
10659,Large Enterprise,2.0,49458.99,24729.495,53.0,124566.36,2350.308679245283,0,0,Core Active
10660,Individual,0.0,0.0,0.0,0.0,0.0,0.0,1,1,No Financial Relationship
10661,Small Business,1.0,46628.24,46628.24,29.0,82436.02,2842.6213793103448,0,0,Core Active
10662,Large Enterprise,3.0,166913.66999999998,55637.88999999999,88.0,232199.08,2638.625909090909,3,2,High-Value Active
10663,Small Business,0.0,0.0,0.0,0.0,0.0,0.0,1,1,No Financial Relationship
10664,Individual,1.0,34532.54,34532.54,30.0,75307.08,2510.236,0,0,Core Active
10665,Individual,1.0,57672.29,57672.29,24.0,53604.94,2233.539166666667,2,0,Core Active
10666,Large Enterprise,2.0,40721.729999999996,20360.864999999998,64.0,148597.1,2321.8296875,0,0,Core Active
10667,Individual,4.0,167526.66,41881.665,116.0,291232.94,2510.6287931034485,3,2,High-Value Active
10668,Individual,0.0,0.0,0.0,0.0,0.0,0.0,1,1,No Financial Relationship
10669,Individual,2.0,107714.14000000001,53857.07000000001,70.0,156562.17,2236.602428571429,2,0,Core Active
10670,Small Business,3.0,103217.72,34405.90666666667,98.0,275458.78,2810.803877551021,3,2,High-Value Active
10671,Individual,2.0,66632.61,33316.305,70.0,184017.63,2628.8232857142857,0,0,Core Active
10672,Individual,2.0,158436.1,79218.05,59.0,149978.46,2542.0077966101694,2,0,Core Active
10673,Individual,0.0,0.0,0.0,0.0,0.0,0.0,1,1,No Financial Relationship
10674,Large Enterprise,2.0,164506.65000000002,82253.32500000001,64.0,163221.81,2550.34078125,2,0,Core Active
10675,Small Business,1.0,59425.38,59425.38,32.0,98297.88,3071.80875,2,0,Core Active
10676,Individual,2.0,33358.45,16679.225,56.0,159645.55,2850.813392857143,0,0,Core Active
10677,Large Enterprise,2.0,186624.6,93312.3,64.0,177321.75,2770.65234375,2,2,High-Value Active
10678,Individual,1.0,53456.93,53456.93,31.0,78690.05,2538.3887096774192,0,0,Core Active
10679,Large Enterprise,0.0,0.0,0.0,0.0,0.0,0.0,1,1,No Financial Relationship
10680,Individual,2.0,52220.020000000004,26110.010000000002,50.0,112528.08,2250.5616,0,0,Core Active
10681,Small Business,2.0,96171.55,48085.775,59.0,121244.74,2054.9955932203393,2,0,Core Active
10682,Individual,0.0,0.0,0.0,0.0,0.0,0.0,1,1,No Financial Relationship
10683,Individual,1.0,41432.48,41432.48,26.0,58678.83,2256.878076923077,0,0,Core Active
10684,Individual,0.0,0.0,0.0,0.0,0.0,0.0,1,1,No Financial Relationship
10685,Large Enterprise,1.0,75217.21,75217.21,39.0,87035.3,2231.674358974359,2,0,Core Active
10686,Small Business,4.0,261958.21000000002,65489.552500000005,135.0,329493.5,2440.6925925925925,3,2,High-Value Active
10687,Individual,4.0,227155.69,56788.9225,113.0,283262.23,2506.7453982300885,3,2,High-Value Active
10688,Individual,1.0,43699.63,43699.63,28.0,74745.31,2669.475357142857,0,0,Core Active
10689,Individual,1.0,52550.59,52550.59,21.0,58350.42,2778.5914285714284,0,0,Core Active
10690,Large Enterprise,2.0,189331.69,94665.845,58.0,148924.89,2567.6705172413795,2,0,Core Active
10691,Large Enterprise,2.0,65275.81,32637.905,69.0,161910.2,2346.5246376811597,0,0,Core Active
10692,Individual,2.0,113354.45999999999,56677.229999999996,66.0,174838.25,2649.064393939394,2,0,Core Active
10693,Small Business,2.0,109588.01999999999,54794.009999999995,60.0,127024.14,2117.069,2,0,Core Active
10694,Small Business,3.0,234387.30000000002,78129.1,101.0,275146.53,2724.223069306931,3,2,High-Value Active
10695,Large Enterprise,0.0,0.0,0.0,0.0,0.0,0.0,1,1,No Financial Relationship
10696,Individual,1.0,2850.69,2850.69,18.0,42307.42,2350.412222222222,0,0,Core Active
10697,Small Business,2.0,54175.01,27087.505,56.0,135255.69,2415.2801785714287,0,0,Core Active
10698,Small Business,1.0,28537.58,28537.58,31.0,66068.48,2131.2412903225804,0,0,Core Active
10699,Small Business,1.0,59032.48,59032.48,39.0,101978.86,2614.842564102564,2,0,Core Active
10700,Large Enterprise,2.0,29373.04,14686.52,57.0,135517.15,2377.493859649123,0,0,Core Active
10701,Large Enterprise,1.0,66279.41,66279.41,26.0,49793.06,1915.1176923076923,2,0,Core Active
10702,Small Business,1.0,20614.63,20614.63,40.0,96144.29,2403.60725,0,0,Core Active
10703,Small Business,3.0,95072.78,31690.926666666666,90.0,215094.95,2389.943888888889,3,2,High-Value Active
10704,Small Business,2.0,107620.11,53810.055,66.0,161351.44,2444.718787878788,2,0,Core Active
10705,Large Enterprise,2.0,26905.510000000002,13452.755000000001,44.0,122278.36,2779.0536363636365,0,0,Core Active
10706,Large Enterprise,3.0,113618.97,37872.99,108.0,262391.1,2429.547222222222,3,2,High-Value Active
10707,Individual,3.0,127110.29000000001,42370.09666666667,89.0,237229.82,2665.5035955056183,3,2,High-Value Active
10708,Individual,2.0,74085.98999999999,37042.994999999995,62.0,156131.1,2518.243548387097,0,0,Core Active
10709,Large Enterprise,1.0,98804.31,98804.31,29.0,77766.11,2681.59,2,0,Core Active
10710,Small Business,3.0,120002.31,40000.77,84.0,235219.51,2800.232261904762,3,2,High-Value Active
10711,Individual,0.0,0.0,0.0,0.0,0.0,0.0,1,1,No Financial Relationship
10712,Small Business,1.0,73323.55,73323.55,28.0,67566.79,2413.0996428571425,2,0,Core Active
10713,Individual,1.0,44268.2,44268.2,35.0,68923.88,1969.2537142857145,0,0,Core Active
10714,Individual,0.0,0.0,0.0,0.0,0.0,0.0,1,1,No Financial Relationship
10715,Large Enterprise,0.0,0.0,0.0,0.0,0.0,0.0,1,1,No Financial Relationship
10716,Small Business,3.0,200239.93,66746.64333333333,73.0,183697.75,2516.4075342465753,3,2,High-Value Active
10717,Small Business,0.0,0.0,0.0,0.0,0.0,0.0,1,1,No Financial Relationship
10718,Large Enterprise,2.0,148354.35,74177.175,60.0,145209.35,2420.1558333333332,2,0,Core Active
10719,Small Business,3.0,126691.57999999999,42230.526666666665,80.0,210509.93,2631.374125,3,2,High-Value Active
10720,Large Enterprise,0.0,0.0,0.0,0.0,0.0,0.0,1,1,No Financial Relationship
10721,Small Business,1.0,99185.63,99185.63,34.0,90708.47,2667.896176470588,2,0,Core Active
10722,Large Enterprise,1.0,76939.58,76939.58,38.0,86210.86,2268.706842105263,2,0,Core Active
10723,Small Business,1.0,60251.22,60251.22,33.0,96896.69,2936.2633333333333,2,0,Core Active
10724,Small Business,1.0,40425.89,40425.89,32.0,96269.64,3008.42625,0,0,Core Active
10725,Individual,0.0,0.0,0.0,0.0,0.0,0.0,1,1,No Financial Relationship
10726,Large Enterprise,3.0,180557.06,60185.68666666667,81.0,197542.71,2438.798888888889,3,2,High-Value Active
10727,Individual,3.0,150588.11,50196.03666666666,95.0,232677.75,2449.2394736842107,3,2,High-Value Active
10728,Large Enterprise,2.0,86448.69,43224.345,64.0,161033.49,2516.14828125,2,0,Core Active
10729,Large Enterprise,2.0,107557.82999999999,53778.91499999999,77.0,218585.47999999998,2838.772467532467,2,0,Core Active
10730,Individual,2.0,51644.69,25822.345,78.0,201499.17,2583.3226923076923,0,0,Core Active
10731,Small Business,1.0,95485.55,95485.55,32.0,100198.25,3131.1953125,2,0,Core Active
10732,Small Business,0.0,0.0,0.0,0.0,0.0,0.0,1,1,No Financial Relationship
10733,Large Enterprise,0.0,0.0,0.0,0.0,0.0,0.0,1,1,No Financial Relationship
10734,Individual,3.0,158694.74,52898.246666666666,111.0,272455.7,2454.555855855856,3,2,High-Value Active
10735,Large Enterprise,1.0,35239.9,35239.9,30.0,66364.77,2212.159,0,0,Core Active
10736,Small Business,1.0,33094.26,33094.26,31.0,88343.86,2849.801935483871,0,0,Core Active
10737,Individual,0.0,0.0,0.0,0.0,0.0,0.0,1,1,No Financial Relationship
10738,Small Business,3.0,184790.42,61596.80666666667,92.0,240433.91,2613.4120652173915,3,2,High-Value Active
10739,Large Enterprise,5.0,158269.25,31653.85,146.0,364271.72,2495.0117808219175,3,2,High-Value Active
10740,Small Business,2.0,71460.61,35730.305,94.0,220676.94,2347.6270212765958,3,0,Core Active
10741,Large Enterprise,3.0,74282.98999999999,24760.996666666662,101.0,266352.93,2637.1577227722773,3,2,High-Value Active
10742,Small Business,1.0,66974.97,66974.97,32.0,80461.84,2514.4325,2,0,Core Active
10743,Individual,2.0,151730.58,75865.29,47.0,126514.31999999999,2691.7940425531915,2,0,Core Active
10744,Small Business,0.0,0.0,0.0,0.0,0.0,0.0,1,1,No Financial Relationship
10745,Large Enterprise,3.0,261907.02999999997,87302.34333333332,86.0,225091.14,2617.3388372093027,3,2,High-Value Active
10746,Large Enterprise,2.0,150958.53,75479.265,55.0,145553.3,2646.423636363636,2,0,Core Active
10747,Large Enterprise,1.0,68217.62,68217.62,33.0,82519.06,2500.5775757575757,2,0,Core Active
10748,Individual,2.0,47690.43,23845.215,59.0,145446.88,2465.2013559322036,0,0,Core Active
10749,Small Business,3.0,202767.28999999998,67589.09666666666,85.0,231676.03,2725.6003529411764,3,2,High-Value Active
10750,Individual,1.0,87921.93,87921.93,34.0,74895.95,2202.8220588235295,2,0,Core Active
10751,Large Enterprise,2.0,117758.09,58879.045,65.0,165873.24,2551.8959999999997,2,0,Core Active
10752,Large Enterprise,0.0,0.0,0.0,0.0,0.0,0.0,1,1,No Financial Relationship
10753,Large Enterprise,2.0,111325.39,55662.695,62.0,157861.46,2546.1525806451614,2,0,Core Active
10754,Large Enterprise,1.0,60087.11,60087.11,34.0,96473.73,2837.462647058823,2,0,Core Active
10755,Small Business,1.0,80947.03,80947.03,30.0,66489.51,2216.317,2,0,Core Active
10756,Individual,1.0,70376.51,70376.51,24.0,58105.0,2421.0416666666665,2,0,Core Active
10757,Individual,1.0,14883.88,14883.88,33.0,82805.05,2509.2439393939394,0,0,Core Active
10758,Individual,2.0,181514.62,90757.31,71.0,185000.98,2605.647605633803,2,2,High-Value Active
10759,Individual,0.0,0.0,0.0,0.0,0.0,0.0,1,1,No Financial Relationship
10760,Small Business,6.0,271238.93,45206.488333333335,192.0,455518.67,2372.4930729166667,3,2,High-Value Active
10761,Small Business,0.0,0.0,0.0,0.0,0.0,0.0,1,1,No Financial Relationship
10762,Large Enterprise,1.0,68773.85,68773.85,43.0,116109.31,2700.216511627907,2,0,Core Active
10763,Large Enterprise,0.0,0.0,0.0,0.0,0.0,0.0,1,1,No Financial Relationship
10764,Individual,2.0,101148.19,50574.095,60.0,144813.33,2413.5555,2,0,Core Active
10765,Individual,1.0,58739.64,58739.64,16.0,36827.59,2301.724375,2,0,Core Active
10766,Large Enterprise,3.0,102603.43000000001,34201.14333333333,99.0,248139.64,2506.4610101010103,3,2,High-Value Active
10767,Large Enterprise,2.0,118609.06,59304.53,44.0,115846.1,2632.865909090909,2,0,Core Active
10768,Small Business,1.0,28557.33,28557.33,27.0,70020.92,2593.3674074074074,0,0,Core Active
10769,Large Enterprise,1.0,439.01,439.01,27.0,64050.67,2372.247037037037,0,0,Core Active
10770,Small Business,2.0,51690.39,25845.195,50.0,106903.24,2138.0648,0,0,Core Active
10771,Small Business,1.0,59428.04,59428.04,27.0,69792.75,2584.9166666666665,2,0,Core Active
10772,Large Enterprise,0.0,0.0,0.0,0.0,0.0,0.0,1,1,No Financial Relationship
10773,Large Enterprise,3.0,152393.69,50797.89666666667,96.0,260451.4,2713.0354166666666,3,2,High-Value Active
10774,Individual,3.0,204237.74,68079.24666666666,91.0,232336.95,2553.1532967032967,3,2,High-Value Active
10775,Small Business,0.0,0.0,0.0,0.0,0.0,0.0,1,1,No Financial Relationship
10776,Small Business,1.0,52482.12,52482.12,33.0,83309.0,2524.5151515151515,0,0,Core Active
10777,Large Enterprise,1.0,52143.22,52143.22,40.0,97104.77,2427.61925,0,0,Core Active
10778,Individual,1.0,77732.77,77732.77,23.0,46317.0,2013.7826086956522,2,0,Core Active
10779,Small Business,2.0,45860.35,22930.175,58.0,146837.7,2531.684482758621,0,0,Core Active
10780,Large Enterprise,2.0,172113.02000000002,86056.51000000001,59.0,139383.89,2362.438813559322,2,0,Core Active
10781,Small Business,2.0,98696.44,49348.22,56.0,142836.26,2550.6475,2,0,Core Active
10782,Large Enterprise,1.0,33344.03,33344.03,18.0,40283.62,2237.978888888889,0,0,Core Active
10783,Individual,2.0,132536.52000000002,66268.26000000001,64.0,147500.7,2304.6984375,2,0,Core Active
10784,Large Enterprise,2.0,125075.95,62537.975,54.0,136694.53,2531.3801851851854,2,0,Core Active
10785,Individual,1.0,31938.31,31938.31,38.0,99284.45999999999,2612.748947368421,0,0,Core Active
10786,Individual,1.0,49676.09,49676.09,33.0,78352.69,2374.3239393939393,0,0,Core Active
10787,Small Business,0.0,0.0,0.0,0.0,0.0,0.0,1,1,No Financial Relationship
10788,Small Business,1.0,13510.69,13510.69,25.0,43556.64,1742.2656,0,0,Core Active
10789,Individual,1.0,89365.94,89365.94,31.0,68359.65,2205.1499999999996,2,0,Core Active
10790,Large Enterprise,0.0,0.0,0.0,0.0,0.0,0.0,1,1,No Financial Relationship
10791,Small Business,0.0,0.0,0.0,0.0,0.0,0.0,1,1,No Financial Relationship
10792,Large Enterprise,2.0,131221.65,65610.825,61.0,144080.78,2361.98,2,0,Core Active
10793,Individual,0.0,0.0,0.0,0.0,0.0,0.0,1,1,No Financial Relationship
10794,Small Business,1.0,91941.52,91941.52,29.0,82999.22,2862.0420689655175,2,0,Core Active
10795,Individual,2.0,74346.64,37173.32,72.0,163842.53,2275.5906944444446,0,0,Core Active
10796,Individual,1.0,30363.58,30363.58,33.0,81728.46,2476.6200000000003,0,0,Core Active
10797,Large Enterprise,4.0,180841.59,45210.3975,115.0,283304.41,2463.516608695652,3,2,High-Value Active
10798,Large Enterprise,2.0,51176.54,25588.27,48.0,141687.37,2951.820208333333,0,0,Core Active
10799,Large Enterprise,1.0,83634.16,83634.16,33.0,83977.18,2544.76303030303,2,0,Core Active
10800,Individual,4.0,220393.91999999998,55098.479999999996,103.0,236143.43,2292.6546601941745,3,2,High-Value Active
10801,Individual,1.0,62664.46,62664.46,24.0,63750.82,2656.284166666667,2,0,Core Active
10802,Large Enterprise,1.0,34872.04,34872.04,28.0,77440.45999999999,2765.730714285714,0,0,Core Active
10803,Large Enterprise,2.0,27557.309999999998,13778.654999999999,61.0,157744.71,2585.9788524590163,0,0,Core Active
10804,Small Business,0.0,0.0,0.0,0.0,0.0,0.0,1,1,No Financial Relationship
10805,Small Business,0.0,0.0,0.0,0.0,0.0,0.0,1,1,No Financial Relationship
10806,Small Business,1.0,56605.54,56605.54,30.0,85348.41,2844.947,2,0,Core Active
10807,Individual,2.0,141611.22999999998,70805.61499999999,60.0,147082.7,2451.3783333333336,2,0,Core Active
10808,Small Business,1.0,91724.55,91724.55,38.0,106632.81999999999,2806.1268421052628,2,0,Core Active
10809,Small Business,0.0,0.0,0.0,0.0,0.0,0.0,1,1,No Financial Relationship
10810,Small Business,2.0,46542.0,23271.0,59.0,148195.79,2511.793050847458,0,0,Core Active
10811,Large Enterprise,1.0,93495.91,93495.91,26.0,69321.95,2666.228846153846,2,0,Core Active
10812,Large Enterprise,1.0,24602.31,24602.31,27.0,64423.020000000004,2386.037777777778,0,0,Core Active
10813,Large Enterprise,3.0,219962.21999999997,73320.73999999999,105.0,255332.3,2431.7361904761906,3,2,High-Value Active
10814,Individual,1.0,77462.93,77462.93,32.0,94351.12,2948.4725,2,0,Core Active
10815,Small Business,1.0,52471.44,52471.44,23.0,61214.23,2661.4882608695652,0,0,Core Active
10816,Small Business,1.0,94760.32,94760.32,35.0,103589.41,2959.6974285714286,2,0,Core Active
10817,Individual,2.0,74175.01000000001,37087.505000000005,43.0,100683.75,2341.482558139535,0,0,Core Active
10818,Large Enterprise,4.0,163595.47,40898.8675,113.0,286035.05,2531.283628318584,3,2,High-Value Active
10819,Individual,3.0,147363.82,49121.27333333334,95.0,254895.55,2683.111052631579,3,2,High-Value Active
10820,Large Enterprise,2.0,73138.79000000001,36569.395000000004,56.0,146521.95,2616.463392857143,0,0,Core Active
10821,Individual,4.0,289642.78,72410.695,128.0,318362.22,2487.20484375,3,2,High-Value Active
10822,Large Enterprise,3.0,56938.14,18979.38,88.0,216126.45,2455.9823863636366,3,2,High-Value Active
10823,Individual,1.0,4734.68,4734.68,27.0,66176.18000000001,2450.9696296296297,0,0,Core Active
10824,Individual,1.0,60387.81,60387.81,29.0,79927.43,2756.118275862069,2,0,Core Active
10825,Large Enterprise,0.0,0.0,0.0,0.0,0.0,0.0,1,1,No Financial Relationship
10826,Large Enterprise,0.0,0.0,0.0,0.0,0.0,0.0,1,1,No Financial Relationship
10827,Large Enterprise,0.0,0.0,0.0,0.0,0.0,0.0,1,1,No Financial Relationship
10828,Individual,1.0,11914.04,11914.04,20.0,39475.37,1973.7685000000001,0,0,Core Active
10829,Small Business,1.0,98193.39,98193.39,37.0,97129.81999999999,2625.13027027027,2,0,Core Active
10830,Small Business,1.0,12736.16,12736.16,30.0,84451.15,2815.038333333333,0,0,Core Active
10831,Small Business,0.0,0.0,0.0,0.0,0.0,0.0,1,1,No Financial Relationship
10832,Individual,2.0,179606.2,89803.1,47.0,125162.78,2663.0378723404256,2,0,Core Active
10833,Large Enterprise,2.0,61013.979999999996,30506.989999999998,66.0,173602.81,2630.345606060606,0,0,Core Active
10834,Small Business,2.0,56611.36,28305.68,57.0,153398.7,2691.205263157895,0,0,Core Active
10835,Individual,0.0,0.0,0.0,0.0,0.0,0.0,1,1,No Financial Relationship
10836,Small Business,2.0,139948.94,69974.47,46.0,118234.43000000001,2570.313695652174,2,0,Core Active
10837,Large Enterprise,0.0,0.0,0.0,0.0,0.0,0.0,1,1,No Financial Relationship
10838,Individual,3.0,95221.01,31740.336666666666,93.0,263221.57,2830.3394623655913,3,2,High-Value Active
10839,Large Enterprise,1.0,84008.77,84008.77,57.0,135649.45,2379.814912280702,2,0,Core Active
10840,Large Enterprise,3.0,98320.47,32773.49,76.0,207201.43,2726.3346052631578,3,2,High-Value Active
10841,Small Business,1.0,48602.51,48602.51,36.0,110274.93,3063.1924999999997,0,0,Core Active
10842,Small Business,3.0,206189.51,68729.83666666667,86.0,220683.34,2566.085348837209,3,2,High-Value Active
10843,Small Business,2.0,30763.53,15381.765,49.0,115131.34,2349.6191836734693,0,0,Core Active
10844,Large Enterprise,0.0,0.0,0.0,0.0,0.0,0.0,1,1,No Financial Relationship
10845,Small Business,2.0,117237.77,58618.885,63.0,159895.6,2538.025396825397,2,0,Core Active
10846,Large Enterprise,0.0,0.0,0.0,0.0,0.0,0.0,1,1,No Financial Relationship
10847,Small Business,0.0,0.0,0.0,0.0,0.0,0.0,1,1,No Financial Relationship
10848,Individual,3.0,150584.35,50194.78333333333,89.0,194735.45,2188.038764044944,3,2,High-Value Active
10849,Small Business,0.0,0.0,0.0,0.0,0.0,0.0,1,1,No Financial Relationship
10850,Large Enterprise,2.0,102535.66,51267.83,70.0,187271.33,2675.304714285714,2,0,Core Active
10851,Individual,2.0,92842.18,46421.09,61.0,150063.54,2460.058032786885,2,0,Core Active
10852,Large Enterprise,1.0,66448.99,66448.99,29.0,76206.03,2627.7941379310346,2,0,Core Active
10853,Individual,1.0,66553.69,66553.69,29.0,84621.11,2917.9693103448276,2,0,Core Active
10854,Individual,0.0,0.0,0.0,0.0,0.0,0.0,1,1,No Financial Relationship
10855,Individual,1.0,81624.65,81624.65,33.0,80966.07,2453.517272727273,2,0,Core Active
10856,Individual,2.0,96537.73999999999,48268.869999999995,47.0,123503.15000000001,2627.726595744681,2,0,Core Active
10857,Small Business,4.0,283839.31,70959.8275,114.0,281361.9,2468.0868421052633,3,2,High-Value Active
10858,Individual,0.0,0.0,0.0,0.0,0.0,0.0,1,1,No Financial Relationship
10859,Individual,2.0,86300.12,43150.06,76.0,186559.24,2454.726842105263,2,0,Core Active
10860,Small Business,2.0,111942.12999999999,55971.064999999995,55.0,147024.06,2673.1647272727273,2,0,Core Active
10861,Large Enterprise,1.0,7264.93,7264.93,33.0,97004.95,2939.543939393939,0,0,Core Active
10862,Individual,1.0,13836.35,13836.35,29.0,82871.47,2857.636896551724,0,0,Core Active
10863,Large Enterprise,1.0,88081.58,88081.58,31.0,84088.86,2712.543870967742,2,0,Core Active
10864,Individual,2.0,75432.07,37716.035,60.0,153598.91,2559.9818333333333,0,0,Core Active
10865,Individual,2.0,94045.47,47022.735,69.0,183033.78,2652.6634782608694,2,0,Core Active
10866,Small Business,1.0,34247.23,34247.23,38.0,90105.45999999999,2371.1963157894734,0,0,Core Active
10867,Large Enterprise,3.0,196912.16,65637.38666666667,89.0,213568.38,2399.6447191011234,3,2,High-Value Active
10868,Small Business,1.0,3095.33,3095.33,20.0,44698.06,2234.903,0,0,Core Active
10869,Small Business,1.0,39813.36,39813.36,35.0,68510.03,1957.4294285714286,0,0,Core Active
10870,Small Business,1.0,48802.76,48802.76,30.0,80198.24,2673.2746666666667,0,0,Core Active
10871,Small Business,1.0,63164.33,63164.33,24.0,55060.84,2294.2016666666664,2,0,Core Active
10872,Individual,0.0,0.0,0.0,0.0,0.0,0.0,1,1,No Financial Relationship
10873,Small Business,2.0,107698.72,53849.36,78.0,196542.22,2519.7720512820515,2,0,Core Active
10874,Small Business,0.0,0.0,0.0,0.0,0.0,0.0,1,1,No Financial Relationship
10875,Small Business,1.0,59361.75,59361.75,38.0,87899.58,2313.146842105263,2,0,Core Active
10876,Small Business,1.0,74408.88,74408.88,34.0,84639.68,2489.402352941176,2,0,Core Active
10877,Small Business,1.0,13689.45,13689.45,26.0,69553.27,2675.1257692307695,0,0,Core Active
10878,Small Business,0.0,0.0,0.0,0.0,0.0,0.0,1,1,No Financial Relationship
10879,Small Business,1.0,68630.97,68630.97,22.0,51488.7,2340.3954545454544,2,0,Core Active
10880,Large Enterprise,2.0,73270.44,36635.22,64.0,145146.45,2267.91328125,0,0,Core Active
10881,Large Enterprise,1.0,91295.86,91295.86,30.0,74521.41,2484.047,2,0,Core Active
10882,Large Enterprise,1.0,7977.53,7977.53,36.0,89685.17,2491.254722222222,0,0,Core Active
10883,Large Enterprise,2.0,59511.6,29755.8,68.0,160432.91,2359.3075,0,0,Core Active
10884,Individual,0.0,0.0,0.0,0.0,0.0,0.0,1,1,No Financial Relationship
10885,Individual,0.0,0.0,0.0,0.0,0.0,0.0,1,1,No Financial Relationship
10886,Large Enterprise,1.0,54548.29,54548.29,25.0,59381.76,2375.2704,0,0,Core Active
10887,Large Enterprise,3.0,156272.58,52090.85999999999,84.0,205463.15,2445.989880952381,3,2,High-Value Active
10888,Individual,0.0,0.0,0.0,0.0,0.0,0.0,1,1,No Financial Relationship
10889,Large Enterprise,1.0,93898.27,93898.27,28.0,68495.84,2446.2799999999997,2,0,Core Active
10890,Large Enterprise,1.0,52829.59,52829.59,34.0,91950.37,2704.4226470588233,0,0,Core Active
10891,Large Enterprise,2.0,107164.17,53582.085,75.0,177848.8,2371.317333333333,2,0,Core Active
10892,Large Enterprise,3.0,163278.2,54426.06666666667,101.0,251919.27,2494.2501980198017,3,2,High-Value Active
10893,Large Enterprise,3.0,120144.11,40048.03666666667,104.0,286446.75,2754.295673076923,3,2,High-Value Active
10894,Small Business,3.0,137664.06,45888.02,96.0,228820.15,2383.5432291666666,3,2,High-Value Active
10895,Large Enterprise,6.0,217974.81,36329.135,170.0,424688.68,2498.1687058823527,3,2,High-Value Active
10896,Small Business,2.0,116192.58,58096.29,64.0,161080.39,2516.88109375,2,0,Core Active
10897,Small Business,1.0,17831.08,17831.08,32.0,85513.14,2672.285625,0,0,Core Active
10898,Individual,2.0,111718.32,55859.16,56.0,121249.26,2165.165357142857,2,0,Core Active
10899,Individual,5.0,373753.5,74750.7,167.0,410861.77999999997,2460.250179640718,3,2,High-Value Active
10900,Individual,2.0,73054.7,36527.35,67.0,171940.45,2566.2753731343287,0,0,Core Active
10901,Individual,0.0,0.0,0.0,0.0,0.0,0.0,1,1,No Financial Relationship
10902,Individual,2.0,71407.61,35703.805,73.0,167201.05,2290.425342465753,0,0,Core Active
10903,Small Business,2.0,68387.34,34193.67,68.0,177675.44,2612.874117647059,0,0,Core Active
10904,Large Enterprise,2.0,63268.12,31634.06,97.0,231068.57,2382.150206185567,3,2,High-Value Active
10905,Large Enterprise,0.0,0.0,0.0,0.0,0.0,0.0,1,1,No Financial Relationship
10906,Large Enterprise,3.0,55824.25,18608.083333333332,103.0,264880.42,2571.654563106796,3,2,High-Value Active
10907,Individual,1.0,55024.14,55024.14,31.0,75193.43000000001,2425.5945161290324,2,0,Core Active
10908,Individual,3.0,89320.15,29773.38333333333,98.0,234885.02,2396.7859183673468,3,2,High-Value Active
10909,Large Enterprise,6.0,268198.17,44699.695,183.0,454161.19,2481.755136612022,3,2,High-Value Active
10910,Large Enterprise,1.0,97498.08,97498.08,25.0,72317.6,2892.704,2,0,Core Active
10911,Small Business,1.0,88833.03,88833.03,30.0,71981.2,2399.3733333333334,2,0,Core Active
10912,Small Business,2.0,11467.359999999999,5733.679999999999,64.0,149430.31,2334.84859375,0,0,Core Active
10913,Small Business,3.0,234810.34000000003,78270.11333333334,91.0,227143.25,2496.0796703296705,3,2,High-Value Active
10914,Individual,2.0,103395.64,51697.82,58.0,142784.64,2461.804137931035,2,0,Core Active
10915,Large Enterprise,1.0,32978.16,32978.16,34.0,90087.86,2649.6429411764707,0,0,Core Active
10916,Large Enterprise,0.0,0.0,0.0,0.0,0.0,0.0,1,1,No Financial Relationship
10917,Large Enterprise,0.0,0.0,0.0,0.0,0.0,0.0,1,1,No Financial Relationship
10918,Individual,0.0,0.0,0.0,0.0,0.0,0.0,1,1,No Financial Relationship
10919,Small Business,1.0,22716.19,22716.19,36.0,92456.44,2568.2344444444443,0,0,Core Active
10920,Large Enterprise,3.0,151594.86000000002,50531.62,76.0,194058.06,2553.3955263157895,3,2,High-Value Active
10921,Large Enterprise,0.0,0.0,0.0,0.0,0.0,0.0,1,1,No Financial Relationship
10922,Individual,1.0,4671.65,4671.65,29.0,69985.88,2413.306206896552,0,0,Core Active
10923,Large Enterprise,2.0,14925.32,7462.66,48.0,125136.02,2607.0004166666668,0,0,Core Active
10924,Large Enterprise,0.0,0.0,0.0,0.0,0.0,0.0,1,1,No Financial Relationship
10925,Small Business,4.0,325306.41,81326.6025,123.0,299317.9,2433.478861788618,3,2,High-Value Active
10926,Large Enterprise,1.0,15144.15,15144.15,30.0,66274.2,2209.14,0,0,Core Active
10927,Small Business,1.0,65362.69,65362.69,31.0,88616.67,2858.6022580645163,2,0,Core Active
10928,Individual,1.0,87141.62,87141.62,30.0,66849.96,2228.3320000000003,2,0,Core Active
10929,Small Business,1.0,75314.83,75314.83,30.0,79255.59,2641.853,2,0,Core Active
10930,Large Enterprise,2.0,127843.17,63921.585,67.0,140789.07,2101.329402985075,2,0,Core Active
10931,Large Enterprise,1.0,741.98,741.98,50.0,145599.57,2911.9914000000003,0,0,Core Active
10932,Individual,1.0,1966.25,1966.25,34.0,81307.78,2391.405294117647,0,0,Core Active
10933,Large Enterprise,3.0,51562.56,17187.52,101.0,240920.32,2385.349702970297,3,2,High-Value Active
10934,Large Enterprise,2.0,78686.20000000001,39343.100000000006,56.0,146774.84,2620.9792857142857,0,0,Core Active
10935,Large Enterprise,2.0,88012.70999999999,44006.354999999996,68.0,150701.51,2216.1986764705885,2,0,Core Active
10936,Individual,2.0,90241.67000000001,45120.83500000001,54.0,118578.97,2195.906851851852,2,0,Core Active
10937,Individual,2.0,168803.62,84401.81,63.0,153704.84,2439.759365079365,2,0,Core Active
10938,Individual,2.0,119036.71,59518.355,45.0,94476.56,2099.4791111111113,2,0,Core Active
10939,Large Enterprise,3.0,89332.76,29777.586666666666,78.0,203835.94,2613.2812820512822,3,2,High-Value Active
10940,Small Business,2.0,92705.19,46352.595,58.0,143893.69,2480.9256896551724,2,0,Core Active
10941,Small Business,0.0,0.0,0.0,0.0,0.0,0.0,1,1,No Financial Relationship
10942,Individual,1.0,63793.48,63793.48,32.0,83987.88,2624.62125,2,0,Core Active
10943,Individual,2.0,108188.4,54094.2,68.0,162209.71,2385.4369117647057,2,0,Core Active
10944,Large Enterprise,0.0,0.0,0.0,0.0,0.0,0.0,1,1,No Financial Relationship
10945,Individual,1.0,22968.67,22968.67,32.0,66782.17,2086.9428125,0,0,Core Active
10946,Small Business,0.0,0.0,0.0,0.0,0.0,0.0,1,1,No Financial Relationship
10947,Individual,3.0,206403.54,68801.18000000001,80.0,197071.25,2463.390625,3,2,High-Value Active
10948,Large Enterprise,2.0,71053.0,35526.5,64.0,159525.36,2492.58375,0,0,Core Active
10949,Individual,0.0,0.0,0.0,0.0,0.0,0.0,1,1,No Financial Relationship
10950,Small Business,1.0,19307.32,19307.32,39.0,101682.25,2607.2371794871797,0,0,Core Active
10951,Small Business,2.0,17836.489999999998,8918.244999999999,45.0,122411.72,2720.2604444444446,0,0,Core Active
10952,Large Enterprise,3.0,180711.57,60237.19,78.0,203705.01,2611.6026923076925,3,2,High-Value Active
10953,Large Enterprise,2.0,105502.08,52751.04,70.0,160307.26,2290.1037142857144,2,0,Core Active
10954,Large Enterprise,1.0,24747.41,24747.41,22.0,53945.69,2452.0768181818185,0,0,Core Active
10955,Large Enterprise,0.0,0.0,0.0,0.0,0.0,0.0,1,1,No Financial Relationship
10956,Small Business,4.0,336174.71,84043.6775,102.0,248226.9,2433.5970588235296,3,2,High-Value Active
10957,Small Business,0.0,0.0,0.0,0.0,0.0,0.0,1,1,No Financial Relationship
10958,Small Business,2.0,129144.88,64572.44,78.0,184141.76,2360.791794871795,2,0,Core Active
10959,Large Enterprise,0.0,0.0,0.0,0.0,0.0,0.0,1,1,No Financial Relationship
10960,Large Enterprise,1.0,97375.3,97375.3,20.0,52449.28,2622.464,2,0,Core Active
10961,Individual,0.0,0.0,0.0,0.0,0.0,0.0,1,1,No Financial Relationship
10962,Large Enterprise,1.0,12971.96,12971.96,30.0,69571.67,2319.0556666666666,0,0,Core Active
10963,Individual,4.0,205126.43,51281.6075,112.0,290687.94,2595.4280357142857,3,2,High-Value Active
10964,Large Enterprise,1.0,10718.14,10718.14,26.0,48035.78,1847.53,0,0,Core Active
10965,Large Enterprise,0.0,0.0,0.0,0.0,0.0,0.0,1,1,No Financial Relationship
10966,Large Enterprise,3.0,123337.60999999999,41112.53666666666,89.0,217633.2,2445.3168539325843,3,2,High-Value Active
10967,Small Business,1.0,45666.71,45666.71,28.0,70983.47,2535.1239285714287,0,0,Core Active
10968,Individual,1.0,60172.28,60172.28,27.0,70530.25,2612.2314814814813,2,0,Core Active
10969,Small Business,0.0,0.0,0.0,0.0,0.0,0.0,1,1,No Financial Relationship
10970,Large Enterprise,0.0,0.0,0.0,0.0,0.0,0.0,1,1,No Financial Relationship
10971,Large Enterprise,2.0,141437.95,70718.975,59.0,143184.66,2426.858644067797,2,0,Core Active
10972,Large Enterprise,4.0,126886.5,31721.625,111.0,294453.5,2652.734234234234,3,2,High-Value Active
10973,Large Enterprise,0.0,0.0,0.0,0.0,0.0,0.0,1,1,No Financial Relationship
10974,Large Enterprise,2.0,73424.73999999999,36712.369999999995,55.0,138654.87,2520.9976363636365,0,0,Core Active
10975,Small Business,0.0,0.0,0.0,0.0,0.0,0.0,1,1,No Financial Relationship
10976,Individual,2.0,23432.34,11716.17,73.0,178226.41,2441.4576712328767,0,0,Core Active
10977,Individual,1.0,75342.53,75342.53,19.0,42364.9,2229.7315789473687,2,0,Core Active
10978,Individual,2.0,120341.71,60170.855,58.0,143133.66,2467.821724137931,2,0,Core Active
10979,Individual,0.0,0.0,0.0,0.0,0.0,0.0,1,1,No Financial Relationship
10980,Small Business,0.0,0.0,0.0,0.0,0.0,0.0,1,1,No Financial Relationship
10981,Small Business,1.0,7162.42,7162.42,32.0,91090.75,2846.5859375,0,0,Core Active
10982,Individual,2.0,106145.01999999999,53072.509999999995,60.0,145556.7,2425.945,2,0,Core Active
10983,Small Business,0.0,0.0,0.0,0.0,0.0,0.0,1,1,No Financial Relationship
10984,Large Enterprise,1.0,60738.23,60738.23,32.0,81490.93,2546.5915625,2,0,Core Active
10985,Individual,1.0,7522.28,7522.28,29.0,70092.26,2416.9744827586205,0,0,Core Active
10986,Large Enterprise,1.0,68233.55,68233.55,34.0,77160.11,2269.415,2,0,Core Active
10987,Large Enterprise,1.0,46697.84,46697.84,26.0,56324.479999999996,2166.326153846154,0,0,Core Active
10988,Large Enterprise,2.0,51603.869999999995,25801.934999999998,37.0,98475.49,2661.49972972973,0,0,Core Active
10989,Small Business,2.0,28102.34,14051.17,50.0,116839.69,2336.7938,0,0,Core Active
10990,Large Enterprise,2.0,47914.2,23957.1,68.0,153064.36,2250.946470588235,0,0,Core Active
10991,Individual,2.0,103104.64,51552.32,54.0,134500.14,2490.743333333334,2,0,Core Active
10992,Individual,1.0,76335.9,76335.9,28.0,76670.26,2738.223571428571,2,0,Core Active
10993,Small Business,1.0,28368.98,28368.98,30.0,77131.08,2571.036,0,0,Core Active
10994,Small Business,1.0,59689.92,59689.92,33.0,81407.51,2466.8942424242423,2,0,Core Active
10995,Small Business,1.0,24322.71,24322.71,30.0,67003.86,2233.462,0,0,Core Active
10996,Individual,4.0,273868.94,68467.235,107.0,271465.35,2537.0593457943924,3,2,High-Value Active
10997,Large Enterprise,4.0,187055.83,46763.9575,109.0,282789.65,2594.4004587155964,3,2,High-Value Active
10998,Small Business,2.0,69192.73999999999,34596.369999999995,58.0,160929.97,2774.6546551724136,0,0,Core Active
10999,Individual,0.0,0.0,0.0,0.0,0.0,0.0,1,1,No Financial Relationship
11000,Small Business,4.0,306213.31999999995,76553.32999999999,116.0,301814.35,2601.847844827586,3,2,High-Value Active
11001,Individual,0.0,0.0,0.0,0.0,0.0,0.0,1,1,No Financial Relationship
11002,Large Enterprise,1.0,40948.29,40948.29,34.0,77886.55,2290.7808823529413,0,0,Core Active
11003,Individual,2.0,109368.48000000001,54684.240000000005,54.0,122987.23,2277.5412962962964,2,0,Core Active
11004,Individual,1.0,80721.73,80721.73,32.0,83356.37,2604.8865625,2,0,Core Active
11005,Small Business,0.0,0.0,0.0,0.0,0.0,0.0,1,1,No Financial Relationship
11006,Small Business,0.0,0.0,0.0,0.0,0.0,0.0,1,1,No Financial Relationship
11007,Large Enterprise,2.0,57167.62,28583.81,58.0,143168.63,2468.424655172414,0,0,Core Active
11008,Large Enterprise,3.0,79874.11,26624.703333333335,92.0,216257.81,2350.6283695652173,3,2,High-Value Active
11009,Large Enterprise,0.0,0.0,0.0,0.0,0.0,0.0,1,1,No Financial Relationship
11010,Individual,2.0,99038.62,49519.31,63.0,152767.32,2424.8780952380953,2,0,Core Active
11011,Large Enterprise,0.0,0.0,0.0,0.0,0.0,0.0,1,1,No Financial Relationship
11012,Large Enterprise,1.0,14199.85,14199.85,37.0,88251.67,2385.1802702702703,0,0,Core Active
11013,Large Enterprise,2.0,96864.84,48432.42,57.0,146343.46,2567.4291228070174,2,0,Core Active
11014,Individual,2.0,92592.34,46296.17,75.0,189374.17,2524.9889333333335,2,0,Core Active
11015,Individual,2.0,75171.58,37585.79,64.0,156109.45,2439.21015625,0,0,Core Active
11016,Large Enterprise,1.0,16124.6,16124.6,36.0,95719.01,2658.8613888888885,0,0,Core Active
11017,Large Enterprise,2.0,158023.74,79011.87,55.0,129533.2,2355.149090909091,2,0,Core Active
11018,Large Enterprise,2.0,52856.39,26428.195,58.0,155612.26,2682.9700000000003,0,0,Core Active
11019,Small Business,3.0,171294.63,57098.21,124.0,300794.1,2425.7588709677416,3,2,High-Value Active
11020,Large Enterprise,2.0,128714.79,64357.395,52.0,126724.17,2437.003269230769,2,0,Core Active
11021,Small Business,1.0,58204.58,58204.58,25.0,68934.3,2757.3720000000003,2,0,Core Active
11022,Large Enterprise,3.0,105484.99,35161.66333333334,86.0,221030.63999999998,2570.1237209302326,3,2,High-Value Active
11023,Large Enterprise,1.0,21548.75,21548.75,31.0,69388.8,2238.3483870967743,0,0,Core Active
11024,Large Enterprise,1.0,79896.95,79896.95,34.0,82488.63,2426.1361764705885,2,0,Core Active
11025,Small Business,1.0,85124.46,85124.46,34.0,91655.56999999999,2695.7520588235293,2,0,Core Active
11026,Individual,1.0,13489.63,13489.63,27.0,61089.18,2262.5622222222223,0,0,Core Active
11027,Large Enterprise,3.0,43250.43,14416.81,105.0,285205.51,2716.2429523809524,3,2,High-Value Active
11028,Large Enterprise,0.0,0.0,0.0,0.0,0.0,0.0,1,1,No Financial Relationship
11029,Small Business,2.0,89975.87,44987.935,46.0,122996.54000000001,2673.8378260869567,2,0,Core Active
11030,Small Business,3.0,256716.08999999997,85572.02999999998,92.0,244062.71,2652.8555434782606,3,2,High-Value Active
11031,Large Enterprise,1.0,79082.48,79082.48,24.0,61359.83,2556.6595833333336,2,0,Core Active
11032,Large Enterprise,2.0,111248.1,55624.05,78.0,192239.08,2464.6035897435895,2,0,Core Active
11033,Individual,0.0,0.0,0.0,0.0,0.0,0.0,1,1,No Financial Relationship
11034,Large Enterprise,1.0,65596.26,65596.26,29.0,71285.19,2458.11,2,0,Core Active
11035,Small Business,0.0,0.0,0.0,0.0,0.0,0.0,1,1,No Financial Relationship
11036,Small Business,2.0,20213.05,10106.525,50.0,122142.0,2442.84,0,0,Core Active
11037,Large Enterprise,1.0,47444.74,47444.74,31.0,79481.41,2563.9164516129035,0,0,Core Active
11038,Small Business,6.0,306898.62,51149.77,211.0,505539.75,2395.9229857819905,3,2,High-Value Active
11039,Individual,2.0,86517.32,43258.66,74.0,202851.1,2741.2310810810814,2,0,Core Active
11040,Small Business,1.0,7989.35,7989.35,31.0,67772.66,2186.2148387096777,0,0,Core Active
11041,Small Business,2.0,88660.21,44330.105,61.0,141798.78,2324.570163934426,2,0,Core Active
11042,Large Enterprise,1.0,8278.63,8278.63,20.0,48070.64,2403.532,0,0,Core Active
11043,Large Enterprise,2.0,25901.300000000003,12950.650000000001,53.0,145615.08,2747.4543396226413,0,0,Core Active
11044,Individual,2.0,152182.47999999998,76091.23999999999,49.0,121715.31,2483.985918367347,2,0,Core Active
11045,Large Enterprise,0.0,0.0,0.0,0.0,0.0,0.0,1,1,No Financial Relationship
11046,Small Business,4.0,141730.53999999998,35432.634999999995,112.0,261373.69,2333.6936607142857,3,2,High-Value Active
11047,Large Enterprise,0.0,0.0,0.0,0.0,0.0,0.0,1,1,No Financial Relationship
11048,Individual,1.0,66165.44,66165.44,38.0,99299.97,2613.157105263158,2,0,Core Active
11049,Individual,2.0,172263.29,86131.645,61.0,154843.14,2538.412131147541,2,0,Core Active
11050,Individual,1.0,74664.26,74664.26,35.0,77205.83,2205.880857142857,2,0,Core Active
11051,Large Enterprise,3.0,144618.4,48206.13333333333,94.0,236904.53,2520.2609574468083,3,2,High-Value Active
11052,Large Enterprise,1.0,9615.18,9615.18,23.0,47951.34,2084.8408695652174,0,0,Core Active
11053,Large Enterprise,1.0,29103.96,29103.96,32.0,77241.16,2413.78625,0,0,Core Active
11054,Small Business,0.0,0.0,0.0,0.0,0.0,0.0,1,1,No Financial Relationship
11055,Large Enterprise,1.0,29595.0,29595.0,36.0,91635.45,2545.429166666667,0,0,Core Active
11056,Large Enterprise,0.0,0.0,0.0,0.0,0.0,0.0,1,1,No Financial Relationship
11057,Large Enterprise,1.0,8548.38,8548.38,31.0,88096.61,2841.826129032258,0,0,Core Active
11058,Individual,2.0,9287.54,4643.77,55.0,139766.71,2541.212909090909,0,0,Core Active
11059,Individual,0.0,0.0,0.0,0.0,0.0,0.0,1,1,No Financial Relationship
11060,Individual,0.0,0.0,0.0,0.0,0.0,0.0,1,1,No Financial Relationship
11061,Large Enterprise,1.0,79460.29,79460.29,33.0,84366.52,2556.561212121212,2,0,Core Active
11062,Small Business,1.0,52635.31,52635.31,32.0,84031.6,2625.9875,0,0,Core Active
11063,Small Business,1.0,87066.02,87066.02,25.0,68142.34,2725.6936,2,0,Core Active
11064,Individual,2.0,185838.83000000002,92919.41500000001,70.0,177388.38999999998,2534.1198571428567,2,2,High-Value Active
11065,Individual,2.0,151262.0,75631.0,51.0,124296.72,2437.190588235294,2,0,Core Active
11066,Large Enterprise,1.0,90818.91,90818.91,36.0,90536.44,2514.9011111111113,2,0,Core Active
11067,Large Enterprise,1.0,26539.13,26539.13,24.0,61595.68,2566.4866666666667,0,0,Core Active
11068,Individual,3.0,219628.62,73209.54,81.0,209141.58000000002,2581.994814814815,3,2,High-Value Active
11069,Large Enterprise,0.0,0.0,0.0,0.0,0.0,0.0,1,1,No Financial Relationship
11070,Large Enterprise,0.0,0.0,0.0,0.0,0.0,0.0,1,1,No Financial Relationship
11071,Large Enterprise,0.0,0.0,0.0,0.0,0.0,0.0,1,1,No Financial Relationship
11072,Small Business,0.0,0.0,0.0,0.0,0.0,0.0,1,1,No Financial Relationship
11073,Large Enterprise,1.0,58412.17,58412.17,32.0,77899.47,2434.3584375,2,0,Core Active
11074,Large Enterprise,1.0,65648.77,65648.77,27.0,57854.26,2142.7503703703705,2,0,Core Active
11075,Small Business,0.0,0.0,0.0,0.0,0.0,0.0,1,1,No Financial Relationship
11076,Individual,3.0,116238.15,38746.049999999996,90.0,213344.75,2370.4972222222223,3,2,High-Value Active
11077,Large Enterprise,1.0,43027.89,43027.89,30.0,80505.38,2683.512666666667,0,0,Core Active
11078,Small Business,4.0,177506.83000000002,44376.707500000004,127.0,319341.98,2514.503779527559,3,2,High-Value Active
11079,Large Enterprise,0.0,0.0,0.0,0.0,0.0,0.0,1,1,No Financial Relationship
11080,Large Enterprise,3.0,59695.04,19898.346666666668,88.0,223587.52000000002,2540.767272727273,3,2,High-Value Active
11081,Large Enterprise,3.0,157117.99,52372.66333333333,100.0,233098.27,2330.9827,3,2,High-Value Active
11082,Large Enterprise,2.0,130332.78,65166.39,58.0,147820.26,2548.6251724137933,2,0,Core Active
11083,Large Enterprise,5.0,183206.57,36641.314,128.0,326730.72,2552.58375,3,2,High-Value Active
11084,Large Enterprise,1.0,48531.71,48531.71,37.0,76823.24,2076.3037837837837,0,0,Core Active
11085,Individual,1.0,36010.17,36010.17,25.0,58910.14,2356.4056,0,0,Core Active
11086,Individual,3.0,132684.94,44228.31333333333,88.0,238865.65,2714.382386363636,3,2,High-Value Active
11087,Large Enterprise,0.0,0.0,0.0,0.0,0.0,0.0,1,1,No Financial Relationship
11088,Large Enterprise,0.0,0.0,0.0,0.0,0.0,0.0,1,1,No Financial Relationship
11089,Small Business,0.0,0.0,0.0,0.0,0.0,0.0,1,1,No Financial Relationship
11090,Small Business,6.0,276756.35,46126.05833333333,191.0,488885.57,2559.610314136126,3,2,High-Value Active
11091,Large Enterprise,1.0,24051.97,24051.97,31.0,90549.15,2920.940322580645,0,0,Core Active
11092,Large Enterprise,3.0,117192.65,39064.21666666667,98.0,256487.23,2617.2166326530614,3,2,High-Value Active
11093,Large Enterprise,1.0,97430.19,97430.19,26.0,56061.58,2156.2146153846156,2,0,Core Active
11094,Individual,0.0,0.0,0.0,0.0,0.0,0.0,1,1,No Financial Relationship
11095,Individual,2.0,95059.59,47529.795,58.0,158858.59,2738.9412068965516,2,0,Core Active
11096,Large Enterprise,0.0,0.0,0.0,0.0,0.0,0.0,1,1,No Financial Relationship
11097,Small Business,3.0,186142.13,62047.37666666667,85.0,221210.45,2602.4758823529414,3,2,High-Value Active
11098,Small Business,0.0,0.0,0.0,0.0,0.0,0.0,1,1,No Financial Relationship
11099,Individual,1.0,56305.33,56305.33,25.0,54721.44,2188.8576000000003,2,0,Core Active
